date,close,open,high,low,volume
2018-01-02,268.7699890136719,267.8399963378906,268.80999755859375,267.3999938964844,86655700
2018-01-03,270.4700012207031,268.9599914550781,270.6400146484375,268.9599914550781,90070400
2018-01-04,271.6099853515625,271.20001220703125,272.1600036621094,270.5400085449219,80636400
2018-01-05,273.4200134277344,272.510009765625,273.55999755859375,271.95001220703125,83524000
2018-01-08,273.9200134277344,273.30999755859375,274.1000061035156,272.9800109863281,57319200
2018-01-09,274.5400085449219,274.3999938964844,275.25,274.0799865722656,57254000
2018-01-10,274.1199951171875,273.67999267578125,274.4200134277344,272.9200134277344,69574300
2018-01-11,276.1199951171875,274.75,276.1199951171875,274.55999755859375,62361500
2018-01-12,277.9200134277344,276.4200134277344,278.1099853515625,276.0799865722656,90816100
2018-01-16,276.9700012207031,279.3500061035156,280.0899963378906,276.17999267578125,106555100
2018-01-17,279.6099853515625,278.0299987792969,280.04998779296875,276.9700012207031,113258800
2018-01-18,279.1400146484375,279.4800109863281,279.9599914550781,278.5799865722656,100728000
2018-01-19,280.4100036621094,279.79998779296875,280.4100036621094,279.1400146484375,140920100
2018-01-22,282.69000244140625,280.1700134277344,282.69000244140625,280.1099853515625,91322400
2018-01-23,283.2900085449219,282.739990234375,283.6199951171875,282.3699951171875,97084700
2018-01-24,283.17999267578125,284.0199890136719,284.70001220703125,281.8399963378906,134816100
2018-01-25,283.29998779296875,284.1600036621094,284.2699890136719,282.3999938964844,84587300
2018-01-26,286.5799865722656,284.25,286.6300048828125,283.9599914550781,107743100
2018-01-29,284.67999267578125,285.92999267578125,286.42999267578125,284.5,90118300
2018-01-30,281.760009765625,282.6000061035156,284.739990234375,281.2200012207031,131796400
2018-01-31,281.8999938964844,282.7300109863281,283.29998779296875,280.67999267578125,108364800
2018-02-01,281.5799865722656,281.07000732421875,283.05999755859375,280.67999267578125,90102500
2018-02-02,275.45001220703125,280.0799865722656,280.2300109863281,275.4100036621094,173174800
2018-02-05,263.92999267578125,273.45001220703125,275.8500061035156,263.30999755859375,294681800
2018-02-06,269.1300048828125,259.94000244140625,269.70001220703125,258.70001220703125,355026800
2018-02-07,267.6700134277344,268.5,272.3599853515625,267.5799865722656,167376100
2018-02-08,257.6300048828125,268.010009765625,268.1700134277344,257.5899963378906,246449500
2018-02-09,261.5,260.79998779296875,263.6099853515625,252.9199981689453,283565300
2018-02-12,265.3399963378906,263.8299865722656,267.010009765625,261.6600036621094,143736000
2018-02-13,266.0,263.9700012207031,266.6199951171875,263.30999755859375,81223600
2018-02-14,269.5899963378906,264.30999755859375,270.0,264.29998779296875,120735700
2018-02-15,273.0299987792969,271.57000732421875,273.0400085449219,268.7699890136719,111200300
2018-02-16,273.1099853515625,272.32000732421875,275.32000732421875,272.2699890136719,160420100
2018-02-20,271.3999938964844,272.0299987792969,273.6700134277344,270.5,86369700
2018-02-21,270.04998779296875,271.8999938964844,274.7200012207031,269.94000244140625,98883700
2018-02-22,270.3999938964844,271.1000061035156,273.04998779296875,269.6400146484375,110511300
2018-02-23,274.7099914550781,271.7900085449219,274.7099914550781,271.25,92766400
2018-02-26,277.8999938964844,275.92999267578125,278.010009765625,275.260009765625,86491400
2018-02-27,274.42999267578125,278.1099853515625,278.9200134277344,274.3599853515625,99099200
2018-02-28,271.6499938964844,275.67999267578125,276.19000244140625,271.2900085449219,121907800
2018-03-01,267.70001220703125,271.4100036621094,273.1700134277344,266.0,176855100
2018-03-02,269.0799865722656,265.79998779296875,269.7200012207031,264.82000732421875,139083200
2018-03-05,272.19000244140625,267.7300109863281,272.8900146484375,267.6099853515625,97307400
2018-03-06,272.8800048828125,273.29998779296875,273.3900146484375,271.17999267578125,79213200
2018-03-07,272.7799987792969,270.4200134277344,273.17999267578125,270.20001220703125,87063500
2018-03-08,274.1000061035156,273.54998779296875,274.239990234375,272.4200134277344,66901200
2018-03-09,278.8699951171875,275.70001220703125,278.8699951171875,275.3399963378906,113625300
2018-03-12,278.5199890136719,279.20001220703125,279.9100036621094,278.0799865722656,71924800
2018-03-13,276.7200012207031,279.8399963378906,280.4100036621094,276.0299987792969,91968900
2018-03-14,275.29998779296875,277.80999755859375,278.0199890136719,274.6700134277344,105895100
2018-03-15,275.0,275.8800048828125,276.6099853515625,274.42999267578125,83433000
2018-03-16,274.20001220703125,274.5,275.3900146484375,274.1400146484375,100343700
2018-03-19,270.489990234375,273.3500061035156,274.3999938964844,268.6199951171875,109208400
2018-03-20,270.95001220703125,270.94000244140625,271.6700134277344,270.17999267578125,59757300
2018-03-21,270.42999267578125,270.8999938964844,273.2699890136719,270.19000244140625,78709600
2018-03-22,263.6700134277344,267.9100036621094,268.8699951171875,263.3599853515625,148785900
2018-03-23,258.04998779296875,264.1700134277344,264.5400085449219,257.8299865722656,183534800
2018-03-26,265.1099853515625,262.1300048828125,265.42999267578125,259.4100036621094,141956100
2018-03-27,260.6000061035156,266.1700134277344,266.7699890136719,258.8399963378906,129941400
2018-03-28,259.8299865722656,260.75,262.6400146484375,258.5799865722656,146452300
2018-03-29,263.1499938964844,261.1199951171875,265.260009765625,259.8399963378906,111601600
2018-04-02,257.4700012207031,262.54998779296875,263.1300048828125,254.6699981689453,186286300
2018-04-03,260.7699890136719,258.8699951171875,261.30999755859375,256.8399963378906,119956900
2018-04-04,263.55999755859375,256.75,264.3599853515625,256.6000061035156,123715300
2018-04-05,265.6400146484375,265.54998779296875,266.6400146484375,264.32000732421875,82652600
2018-04-06,259.7200012207031,263.4200134277344,265.1099853515625,258.0,179521200
2018-04-09,261.0,261.3699951171875,264.8399963378906,259.94000244140625,105442900
2018-04-10,265.1499938964844,264.2699890136719,266.0400085449219,262.9800109863281,103529000
2018-04-11,263.760009765625,263.4700012207031,265.6400146484375,263.3900146484375,91140200
2018-04-12,265.92999267578125,265.260009765625,267.0,265.05999755859375,68890500
2018-04-13,265.1499938964844,267.4100036621094,267.5400085449219,264.010009765625,85079200
2018-04-16,267.3299865722656,267.0,268.20001220703125,266.07000732421875,63405300
2018-04-17,270.19000244140625,269.3299865722656,270.8699951171875,268.75,64682000
2018-04-18,270.3900146484375,270.69000244140625,271.29998779296875,269.8699951171875,57303900
2018-04-19,268.8900146484375,269.6499938964844,269.8800048828125,267.7200012207031,77655900
2018-04-20,266.6099853515625,268.80999755859375,269.05999755859375,265.6099853515625,99953100
2018-04-23,266.57000732421875,267.260009765625,267.8900146484375,265.3500061035156,65558000
2018-04-24,262.9800109863281,267.7300109863281,267.9800109863281,261.2799987792969,112885500
2018-04-25,263.6300048828125,262.9100036621094,264.1300048828125,260.8500061035156,103840900
2018-04-26,266.30999755859375,264.7900085449219,267.25,264.2900085449219,67731900
2018-04-27,266.55999755859375,267.0,267.3399963378906,265.5,57053600
2018-04-30,264.510009765625,267.260009765625,267.8900146484375,264.42999267578125,82182300
2018-05-01,264.9800109863281,263.8699951171875,265.1000061035156,262.1099853515625,74203400
2018-05-02,263.20001220703125,264.760009765625,265.67999267578125,262.760009765625,86368900
2018-05-03,262.6199951171875,262.260009765625,263.3599853515625,259.04998779296875,136311500
2018-05-04,266.0199890136719,261.5199890136719,266.7900085449219,261.1499938964844,91222100
2018-05-07,266.9200134277344,266.8900146484375,268.0199890136719,266.1099853515625,55304900
2018-05-08,266.9200134277344,266.5,267.3299865722656,265.1499938964844,67499200
2018-05-09,269.5,267.67999267578125,269.8699951171875,267.0899963378906,59666100
2018-05-10,272.0199890136719,270.3399963378906,272.3900146484375,270.2200012207031,72063900
2018-05-11,272.8500061035156,272.1600036621094,273.1499938964844,271.5799865722656,59871500
2018-05-14,272.9800109863281,273.3399963378906,274.0799865722656,272.3599853515625,54790600
2018-05-15,271.1000061035156,271.5899963378906,271.6099853515625,270.0299987792969,87036100
2018-05-16,272.239990234375,271.1400146484375,272.760009765625,271.1099853515625,53942600
2018-05-17,272.010009765625,271.94000244140625,273.2300109863281,271.1300048828125,56536400
2018-05-18,271.3299865722656,271.6199951171875,272.0299987792969,270.92999267578125,64368000
2018-05-21,273.3699951171875,273.010009765625,273.9800109863281,272.57000732421875,58025900
2018-05-22,272.6099853515625,273.9599914550781,274.25,272.239990234375,52966400
2018-05-23,273.3599853515625,271.1700134277344,273.3900146484375,270.989990234375,64694200
2018-05-24,272.79998779296875,272.9100036621094,273.2200012207031,270.7799987792969,76043800
2018-05-25,272.1499938964844,272.1499938964844,272.8599853515625,271.5799865722656,56374800
2018-05-29,269.0199890136719,270.30999755859375,271.1700134277344,267.760009765625,115908600
2018-05-30,272.6099853515625,270.5,273.1099853515625,270.4200134277344,69678400
2018-05-31,270.94000244140625,272.1499938964844,272.489990234375,270.260009765625,93519900
2018-06-01,273.6000061035156,272.4100036621094,273.94000244140625,272.3299865722656,71258400
2018-06-04,274.8999938964844,274.5299987792969,275.19000244140625,274.260009765625,45385200
2018-06-05,275.1000061035156,275.04998779296875,275.5299987792969,274.17999267578125,51135000
2018-06-06,277.3999938964844,275.7900085449219,277.5199890136719,275.0899963378906,62732200
2018-06-07,277.3699951171875,277.95001220703125,278.2799987792969,276.3399963378906,72969400
2018-06-08,278.19000244140625,276.8500061035156,278.25,276.6600036621094,72139700
2018-06-11,278.55999755859375,278.44000244140625,279.3699951171875,278.30999755859375,58892500
2018-06-12,278.9200134277344,279.0299987792969,279.3299865722656,278.19000244140625,72329000
2018-06-13,278.0299987792969,279.19000244140625,279.4800109863281,277.79998779296875,79070600
2018-06-14,278.7300109863281,279.010009765625,279.3299865722656,278.05999755859375,77097600
2018-06-15,277.1300048828125,276.6000061035156,277.510009765625,275.3500061035156,120041600
2018-06-18,276.55999755859375,275.489990234375,276.70001220703125,274.95001220703125,52917600
2018-06-19,275.5,274.0,275.75,273.5299987792969,97531500
2018-06-20,275.9700012207031,276.2699890136719,276.7200012207031,275.5899963378906,53785500
2018-06-21,274.239990234375,275.9599914550781,275.9800109863281,273.67999267578125,71061400
2018-06-22,274.739990234375,275.6600036621094,275.7900085449219,274.489990234375,54898500
2018-06-25,271.0,273.44000244140625,273.6199951171875,269.1000061035156,137854200
2018-06-26,271.6000061035156,271.6400146484375,272.55999755859375,270.7900085449219,68547400
2018-06-27,269.3500061035156,272.260009765625,273.8699951171875,269.17999267578125,105110700
2018-06-28,270.8900146484375,269.2900085449219,271.75,268.489990234375,76650500
2018-06-29,271.2799987792969,272.1199951171875,273.6600036621094,271.1499938964844,97592500
2018-07-02,271.8599853515625,269.510009765625,272.0400085449219,269.239990234375,63554800
2018-07-03,270.8999938964844,272.8699951171875,272.9800109863281,270.4200134277344,42187100
2018-07-05,273.1099853515625,272.1700134277344,273.17999267578125,270.9599914550781,56925900
2018-07-06,275.4200134277344,273.1400146484375,275.8399963378906,272.7099914550781,66493700
2018-07-09,277.8999938964844,276.54998779296875,277.9599914550781,276.5,50550400
2018-07-10,278.8999938964844,278.4100036621094,279.010009765625,278.0799865722656,51966800
2018-07-11,276.8599853515625,277.1499938964844,278.0400085449219,276.5199890136719,77054700
2018-07-12,279.3699951171875,278.2799987792969,279.42999267578125,277.6000061035156,60124700
2018-07-13,279.5899963378906,279.1700134277344,279.92999267578125,278.6600036621094,48216000
2018-07-16,279.3399963378906,279.6400146484375,279.79998779296875,278.8399963378906,48201000
2018-07-17,280.4700012207031,278.4700012207031,280.9100036621094,278.4100036621094,52315500
2018-07-18,281.05999755859375,280.55999755859375,281.17999267578125,280.05999755859375,44593500
2018-07-19,280.0,280.30999755859375,280.739990234375,279.4599914550781,61412100
2018-07-20,279.67999267578125,279.7699890136719,280.4800109863281,279.5,82337700
2018-07-23,280.20001220703125,279.45001220703125,280.42999267578125,279.05999755859375,47047600
2018-07-24,281.6099853515625,281.7900085449219,282.55999755859375,280.6300048828125,68026900
2018-07-25,284.010009765625,281.3299865722656,284.3699951171875,281.2799987792969,78882900
2018-07-26,283.3399963378906,283.20001220703125,284.1099853515625,283.0899963378906,57919500
2018-07-27,281.4200134277344,283.7099914550781,283.82000732421875,280.3800048828125,76768700
2018-07-30,279.95001220703125,281.510009765625,281.69000244140625,279.3599853515625,63742500
2018-07-31,281.3299865722656,280.80999755859375,282.0199890136719,280.3800048828125,68570500
2018-08-01,280.8599853515625,281.55999755859375,282.1300048828125,280.1300048828125,53853300
2018-08-02,282.3900146484375,279.3900146484375,282.5799865722656,279.1600036621094,63426400
2018-08-03,283.6000061035156,282.5299987792969,283.6600036621094,282.3299865722656,53935400
2018-08-06,284.6400146484375,283.6400146484375,284.989990234375,283.20001220703125,39400900
2018-08-07,285.5799865722656,285.3900146484375,286.010009765625,285.239990234375,43196600
2018-08-08,285.4599914550781,285.3900146484375,285.9100036621094,284.94000244140625,42114600
2018-08-09,285.07000732421875,285.5299987792969,285.9700012207031,284.9200134277344,35717000
2018-08-10,283.1600036621094,283.45001220703125,284.05999755859375,282.3599853515625,77076000
2018-08-13,282.1000061035156,283.4700012207031,284.1600036621094,281.7699890136719,65732900
2018-08-14,283.8999938964844,282.9200134277344,284.1700134277344,282.4800109863281,43842000
2018-08-15,281.7799987792969,282.3800048828125,282.5400085449219,280.1600036621094,102925400
2018-08-16,284.05999755859375,283.3999938964844,285.0400085449219,283.3599853515625,69967900
2018-08-17,285.05999755859375,283.8299865722656,285.55999755859375,283.3699951171875,65618500
2018-08-20,285.6700134277344,285.57000732421875,285.9700012207031,285.05999755859375,39807500
2018-08-21,286.3399963378906,286.25,287.30999755859375,285.7099914550781,67272000
2018-08-22,286.1700134277344,285.8800048828125,286.760009765625,285.5799865722656,44993300
2018-08-23,285.7900085449219,285.9700012207031,286.94000244140625,285.42999267578125,49204900
2018-08-24,287.510009765625,286.44000244140625,287.6700134277344,286.3800048828125,57487400
2018-08-27,289.7799987792969,288.8599853515625,289.8999938964844,288.67999267578125,57072400
2018-08-28,289.9200134277344,290.29998779296875,290.4200134277344,289.3999938964844,46943500
2018-08-29,291.4800109863281,290.1600036621094,291.739990234375,289.8900146484375,61485500
2018-08-30,290.29998779296875,290.94000244140625,291.3599853515625,289.6300048828125,61229500
2018-08-31,290.30999755859375,289.8399963378906,290.80999755859375,289.2900085449219,66140800
2018-09-04,289.80999755859375,289.8399963378906,290.2099914550781,288.67999267578125,57594400
2018-09-05,289.0299987792969,289.4100036621094,289.6400146484375,287.8900146484375,72452400
2018-09-06,288.1600036621094,289.1499938964844,289.489990234375,287.0,65909900
2018-09-07,287.6000061035156,286.9800109863281,288.70001220703125,286.7099914550781,73524800
2018-09-10,288.1000061035156,288.739990234375,289.0400085449219,287.8800048828125,50210900
2018-09-11,289.04998779296875,287.3699951171875,289.54998779296875,286.9800109863281,50530500
2018-09-12,289.1199951171875,289.05999755859375,289.79998779296875,288.2300109863281,59810800
2018-09-13,290.8299865722656,290.32000732421875,291.0400085449219,290.0,51034200
2018-09-14,290.8800048828125,291.05999755859375,291.2699890136719,290.0,55079900
2018-09-17,289.3399963378906,290.82000732421875,290.8599853515625,289.0299987792969,68244000
2018-09-18,290.9100036621094,289.5799865722656,291.5799865722656,289.54998779296875,61930400
2018-09-19,291.2200012207031,290.9700012207031,291.69000244140625,290.8299865722656,49080600
2018-09-20,293.5799865722656,292.6400146484375,293.94000244140625,291.239990234375,100360600
2018-09-21,291.989990234375,293.0899963378906,293.2200012207031,291.80999755859375,105479700
2018-09-24,291.0199890136719,291.3399963378906,291.5,290.3699951171875,53409600
2018-09-25,290.75,291.5299987792969,291.6499938964844,290.4800109863281,44370000
2018-09-26,289.8800048828125,290.9100036621094,292.239990234375,289.4100036621094,79739700
2018-09-27,290.69000244140625,290.4100036621094,291.9100036621094,290.1000061035156,59249500
2018-09-28,290.7200012207031,289.989990234375,291.2799987792969,289.95001220703125,70091400
2018-10-01,291.7300109863281,292.1099853515625,292.92999267578125,290.9800109863281,62078900
2018-10-02,291.55999755859375,291.55999755859375,292.3599853515625,291.1400146484375,47258200
2018-10-03,291.7200012207031,292.739990234375,293.2099914550781,291.32000732421875,64694600
2018-10-04,289.44000244140625,291.17999267578125,291.239990234375,287.6600036621094,111545900
2018-10-05,287.82000732421875,289.69000244140625,290.2699890136719,286.2200012207031,105951700
2018-10-08,287.82000732421875,287.04998779296875,288.2200012207031,285.5,87742200
2018-10-09,287.3999938964844,287.3900146484375,288.8599853515625,286.7699890136719,74339000
2018-10-10,278.29998779296875,286.8299865722656,286.9100036621094,277.8800048828125,214731000
2018-10-11,272.1700134277344,277.0799865722656,278.8999938964844,270.3599853515625,274840500
2018-10-12,275.95001220703125,276.7699890136719,277.0899963378906,272.3699951171875,183186500
2018-10-15,274.3999938964844,275.54998779296875,277.0400085449219,274.29998779296875,102263700
2018-10-16,280.3999938964844,276.6000061035156,280.82000732421875,276.07000732421875,118255800
2018-10-17,280.45001220703125,280.44000244140625,281.1499938964844,277.55999755859375,110626000
2018-10-18,276.3999938964844,279.3999938964844,280.07000732421875,274.9700012207031,134557500
2018-10-19,276.25,277.1300048828125,279.29998779296875,275.4700012207031,139901600
2018-10-22,275.010009765625,277.0,277.3599853515625,274.4100036621094,82415800
2018-10-23,273.6099853515625,270.95001220703125,274.8699951171875,268.6099853515625,146352700
2018-10-24,265.32000732421875,273.3299865722656,273.760009765625,264.70001220703125,177806700
2018-10-25,270.0799865722656,267.3800048828125,271.80999755859375,266.2300109863281,138061500
2018-10-26,265.3299865722656,265.9200134277344,271.0,262.2900085449219,201574600
2018-10-29,263.8599853515625,268.79998779296875,270.25,259.8500061035156,160749100
2018-10-30,267.7699890136719,263.6700134277344,268.1199951171875,263.1199951171875,157116000
2018-10-31,270.6300048828125,270.6499938964844,273.2300109863281,270.1199951171875,128296300
2018-11-01,273.510009765625,271.6000061035156,273.7300109863281,270.3800048828125,99495000
2018-11-02,271.8900146484375,274.75,275.2300109863281,269.5899963378906,122634100
2018-11-05,273.3900146484375,272.44000244140625,274.010009765625,271.3500061035156,65622500
2018-11-06,275.1199951171875,273.32000732421875,275.29998779296875,273.25,60085900
2018-11-07,281.010009765625,277.55999755859375,281.1000061035156,277.0799865722656,102752100
2018-11-08,280.5,280.1099853515625,281.2200012207031,279.2200012207031,65584900
2018-11-09,277.760009765625,279.0299987792969,279.239990234375,276.17999267578125,98812600
2018-11-12,272.57000732421875,277.19000244140625,277.4599914550781,271.989990234375,99673600
2018-11-13,272.05999755859375,273.0899963378906,275.3299865722656,271.25,98176600
2018-11-14,270.20001220703125,274.1600036621094,274.6099853515625,268.45001220703125,125335900
2018-11-15,273.0199890136719,268.7799987792969,273.5400085449219,267.010009765625,135101400
2018-11-16,273.7300109863281,271.7900085449219,274.75,271.2099914550781,126668000
2018-11-19,269.1000061035156,273.04998779296875,273.3800048828125,268.07000732421875,103061700
2018-11-20,264.1199951171875,265.3599853515625,267.0,263.1499938964844,136021300
2018-11-21,265.0199890136719,265.8599853515625,267.1499938964844,265.010009765625,75563700
2018-11-23,263.25,263.17999267578125,264.82000732421875,263.07000732421875,42807900
2018-11-26,267.5,265.7799987792969,267.75,265.3399963378906,79981400
2018-11-27,268.3999938964844,266.3399963378906,268.3999938964844,265.6600036621094,75502400
2018-11-28,274.5799865722656,269.6000061035156,274.5799865722656,268.3299865722656,127629600
2018-11-29,273.9800109863281,273.7099914550781,275.54998779296875,272.42999267578125,82346400
2018-11-30,275.6499938964844,273.80999755859375,276.2799987792969,273.45001220703125,98204200
2018-12-03,279.29998779296875,280.2799987792969,280.3999938964844,277.510009765625,103176300
2018-12-04,270.25,278.3699951171875,278.8500061035156,269.8999938964844,177986000
2018-12-06,269.8399963378906,265.9200134277344,269.9700012207031,262.44000244140625,204185400
2018-12-07,263.57000732421875,269.4599914550781,271.2200012207031,262.6300048828125,161018900
2018-12-10,264.07000732421875,263.3699951171875,265.1600036621094,258.6199951171875,151445900
2018-12-11,264.1300048828125,267.6600036621094,267.8699951171875,262.4800109863281,121504400
2018-12-12,265.4599914550781,267.4700012207031,269.0,265.3699951171875,97976700
2018-12-13,265.3699951171875,266.5199890136719,267.489990234375,264.1199951171875,96662700
2018-12-14,260.4700012207031,262.9599914550781,264.0299987792969,259.8500061035156,116961100
2018-12-17,255.36000061035156,259.3999938964844,260.6499938964844,253.52999877929688,165492300
2018-12-18,255.0800018310547,257.20001220703125,257.95001220703125,253.27999877929688,134515100
2018-12-19,251.25999450683594,255.1699981689453,259.3999938964844,249.35000610351562,214992800
2018-12-20,247.1699981689453,249.86000061035156,251.6199951171875,244.64999389648438,252053400
2018-12-21,240.6999969482422,246.74000549316406,249.7100067138672,239.97999572753906,255345600
2018-12-24,234.33999633789062,239.0399932861328,240.83999633789062,234.27000427246094,147311600
2018-12-26,246.17999267578125,235.97000122070312,246.17999267578125,233.75999450683594,218485400
2018-12-27,248.07000732421875,242.57000732421875,248.2899932861328,238.9600067138672,186267300
2018-12-28,247.75,249.5800018310547,251.39999389648438,246.4499969482422,153100200
2018-12-31,249.9199981689453,249.55999755859375,250.19000244140625,247.47000122070312,144299400
2019-01-02,250.17999267578125,245.97999572753906,251.2100067138672,245.9499969482422,126925200
2019-01-03,244.2100067138672,248.22999572753906,248.57000732421875,243.6699981689453,144140700
2019-01-04,252.38999938964844,247.58999633789062,253.11000061035156,247.1699981689453,142628800
2019-01-07,254.3800048828125,252.69000244140625,255.9499969482422,251.69000244140625,103139100
2019-01-08,256.7699890136719,256.82000732421875,257.30999755859375,254.0,102512600
2019-01-09,257.9700012207031,257.55999755859375,258.9100036621094,256.19000244140625,95006600
2019-01-10,258.8800048828125,256.260009765625,259.1600036621094,255.5,96823900
2019-01-11,258.9800109863281,257.67999267578125,259.010009765625,257.0299987792969,73858100
2019-01-14,257.3999938964844,256.8599853515625,258.29998779296875,256.4100036621094,70908200
2019-01-15,260.3500061035156,257.82000732421875,260.70001220703125,257.80999755859375,85208300
2019-01-16,260.9800109863281,260.8299865722656,261.9700012207031,260.6000061035156,77636700
2019-01-17,262.9599914550781,260.010009765625,263.9200134277344,259.9599914550781,96118400
2019-01-18,266.4599914550781,264.9800109863281,266.9800109863281,263.0,127900300
2019-01-22,262.8599853515625,264.82000732421875,265.05999755859375,261.05999755859375,115531200
2019-01-23,263.4100036621094,264.010009765625,264.7900085449219,260.6600036621094,86030300
2019-01-24,263.54998779296875,263.2099914550781,264.20001220703125,262.0799865722656,59204100
2019-01-25,265.7799987792969,265.6099853515625,266.70001220703125,263.6600036621094,96883400
2019-01-28,263.760009765625,263.3900146484375,263.8299865722656,261.7900085449219,85613700
2019-01-29,263.4100036621094,263.9200134277344,264.54998779296875,262.4800109863281,66136300
2019-01-30,267.5799865722656,265.1000061035156,268.5199890136719,264.25,92473700
2019-01-31,269.92999267578125,267.510009765625,270.4700012207031,267.2699890136719,104012100
2019-02-01,270.05999755859375,270.1499938964844,271.20001220703125,269.17999267578125,85782500
2019-02-04,271.9599914550781,270.1099853515625,272.0299987792969,269.3599853515625,60744800
2019-02-05,273.1000061035156,272.44000244140625,273.44000244140625,271.8800048828125,79552800
2019-02-06,272.739990234375,272.7900085449219,273.3399963378906,271.9200134277344,58347800
2019-02-07,270.1400146484375,270.94000244140625,271.54998779296875,268.2900085449219,95482000
2019-02-08,270.4700012207031,268.75,270.5799865722656,267.8299865722656,75788900
2019-02-11,270.6199951171875,271.20001220703125,271.489990234375,270.0299987792969,68021400
2019-02-12,274.1000061035156,272.4200134277344,274.5199890136719,272.3399963378906,72270200
2019-02-13,274.989990234375,275.0299987792969,275.92999267578125,274.55999755859375,65277200
2019-02-14,274.3800048828125,273.7799987792969,275.6400146484375,272.8699951171875,83234400
2019-02-15,277.3699951171875,276.3599853515625,277.4100036621094,276.1300048828125,97088700
2019-02-19,277.8500061035156,276.4800109863281,278.5799865722656,276.4700012207031,59120800
2019-02-20,278.4100036621094,277.80999755859375,278.9200134277344,277.25,76610800
2019-02-21,277.4200134277344,277.70001220703125,278.1000061035156,276.3500061035156,64214700
2019-02-22,279.1400146484375,278.1099853515625,279.3599853515625,277.3999938964844,78114600
2019-02-25,279.5199890136719,280.7300109863281,281.30999755859375,279.42999267578125,69030700
2019-02-26,279.32000732421875,279.1300048828125,280.29998779296875,278.8999938964844,56844100
2019-02-27,279.20001220703125,278.5199890136719,279.5899963378906,277.4800109863281,56921600
2019-02-28,278.67999267578125,278.9599914550781,279.45001220703125,278.32000732421875,69268300
2019-03-01,280.4200134277344,280.44000244140625,280.8800048828125,278.82000732421875,78880500
2019-03-04,279.3999938964844,281.6000061035156,281.8699951171875,276.8399963378906,106494600
2019-03-05,279.0199890136719,279.5400085449219,279.760009765625,278.4100036621094,59114600
2019-03-06,277.3299865722656,279.1499938964844,279.1600036621094,276.9700012207031,75039800
2019-03-07,275.010009765625,276.8299865722656,276.989990234375,274.07000732421875,94885100
2019-03-08,274.4599914550781,272.94000244140625,274.6499938964844,272.4200134277344,85795800
2019-03-11,278.44000244140625,275.260009765625,278.6199951171875,275.2300109863281,65098900
2019-03-12,279.489990234375,279.05999755859375,280.07000732421875,278.8500061035156,79667500
2019-03-13,281.3399963378906,280.4800109863281,282.3800048828125,280.29998779296875,80639200
2019-03-14,281.1600036621094,281.3699951171875,281.8399963378906,280.6700134277344,67518400
2019-03-15,281.30999755859375,280.5400085449219,282.2099914550781,280.3299865722656,81309000
2019-03-18,282.3299865722656,281.54998779296875,282.6600036621094,281.29998779296875,62199800
2019-03-19,282.3999938964844,283.510009765625,284.3599853515625,281.4100036621094,90268100
2019-03-20,281.54998779296875,282.1600036621094,283.5,280.32000732421875,84609200
2019-03-21,284.7300109863281,280.6400146484375,285.17999267578125,280.5899963378906,79550400
2019-03-22,279.25,283.2200012207031,283.79998779296875,279.17999267578125,122659300
2019-03-25,279.0400085449219,278.8699951171875,280.19000244140625,277.6400146484375,85575200
2019-03-26,281.1199951171875,280.989990234375,282.17999267578125,279.55999755859375,68125900
2019-03-27,279.6499938964844,281.1099853515625,281.760009765625,277.92999267578125,72224700
2019-03-28,280.7099914550781,280.3500061035156,281.2099914550781,279.07000732421875,56238500
2019-03-29,282.4800109863281,282.3900146484375,282.8399963378906,281.1400146484375,82186800
2019-04-01,285.8299865722656,284.70001220703125,286.1600036621094,284.3999938964844,77617900
2019-04-02,285.9700012207031,286.0400085449219,286.2300109863281,285.0899963378906,40070400
2019-04-03,286.4200134277344,287.32000732421875,287.760009765625,285.75,68243200
2019-04-04,287.17999267578125,286.7799987792969,287.4599914550781,286.010009765625,48997500
2019-04-05,288.57000732421875,287.9200134277344,288.6300048828125,287.6000061035156,58621700
2019-04-08,288.7900085449219,288.1000061035156,288.9100036621094,287.3699951171875,53566300
2019-04-09,287.30999755859375,287.7200012207031,288.0799865722656,286.70001220703125,66142300
2019-04-10,288.2900085449219,287.7699890136719,288.3900146484375,287.30999755859375,52601500
2019-04-11,288.2099914550781,288.8299865722656,288.8399963378906,287.5799865722656,55093100
2019-04-12,290.1600036621094,290.0,290.4700012207031,288.260009765625,69727800
2019-04-15,289.9700012207031,290.239990234375,290.3500061035156,289.0799865722656,49596700
2019-04-16,290.1600036621094,290.95001220703125,291.010009765625,289.5,52153200
2019-04-17,289.45001220703125,291.3999938964844,291.42999267578125,288.989990234375,58268300
2019-04-18,290.0199890136719,290.1000061035156,290.32000732421875,288.6600036621094,68708500
2019-04-22,290.2699890136719,289.1700134277344,290.44000244140625,289.07000732421875,40160100
2019-04-23,292.8800048828125,290.67999267578125,293.1400146484375,290.4200134277344,52246600
2019-04-24,292.2300109863281,292.7900085449219,293.1600036621094,292.07000732421875,50392900
2019-04-25,292.04998779296875,292.1199951171875,292.7799987792969,290.7300109863281,57770900
2019-04-26,293.4100036621094,292.1000061035156,293.489990234375,291.239990234375,50916400
2019-04-29,293.8699951171875,293.510009765625,294.45001220703125,293.4100036621094,57197700
2019-04-30,294.0199890136719,293.489990234375,294.3399963378906,291.9200134277344,81111700
2019-05-01,291.80999755859375,294.7200012207031,294.95001220703125,291.79998779296875,71671900
2019-05-02,291.17999267578125,291.67999267578125,292.70001220703125,289.5199890136719,65030200
2019-05-03,294.0299987792969,292.82000732421875,294.3399963378906,291.29998779296875,56543700
2019-05-06,292.82000732421875,289.25,293.30999755859375,288.8999938964844,107198100
2019-05-07,287.92999267578125,290.1499938964844,290.80999755859375,285.80999755859375,144729900
2019-05-08,287.5299987792969,287.5299987792969,289.42999267578125,286.8699951171875,91568300
2019-05-09,286.6600036621094,285.2300109863281,287.3299865722656,283.29998779296875,103471100
2019-05-10,288.1000061035156,285.6199951171875,288.94000244140625,282.29998779296875,112429300
2019-05-13,280.8599853515625,282.4200134277344,283.489990234375,279.92999267578125,127290500
2019-05-14,283.3999938964844,281.989990234375,285.1000061035156,281.8500061035156,77003200
2019-05-15,285.05999755859375,281.5899963378906,285.7699890136719,281.3599853515625,73956400
2019-05-16,287.70001220703125,285.8399963378906,289.2099914550781,285.760009765625,76749600
2019-05-17,285.8399963378906,285.1400146484375,288.6000061035156,285.1199951171875,100353000
2019-05-20,283.95001220703125,284.05999755859375,285.9599914550781,283.1199951171875,62877600
2019-05-21,286.510009765625,285.8299865722656,286.92999267578125,285.54998779296875,46847100
2019-05-22,285.6300048828125,285.45001220703125,286.69000244140625,285.1000061035156,49482500
2019-05-23,282.1400146484375,283.1600036621094,283.2099914550781,280.57000732421875,98733800
2019-05-24,282.7799987792969,283.739990234375,284.20001220703125,282.0899963378906,55268100
2019-05-28,280.1499938964844,283.0899963378906,284.1499938964844,280.1300048828125,70029400
2019-05-29,278.2699890136719,278.9100036621094,279.3599853515625,276.7099914550781,104972900
2019-05-30,279.0299987792969,279.1099853515625,280.0400085449219,277.80999755859375,62523800
2019-05-31,275.2699890136719,276.20001220703125,277.1199951171875,275.239990234375,86862800
2019-06-03,274.57000732421875,275.30999755859375,276.54998779296875,273.0899963378906,96428000
2019-06-04,280.5299987792969,277.1199951171875,280.67999267578125,276.6199951171875,77231900
2019-06-05,282.9599914550781,282.3299865722656,282.989990234375,280.32000732421875,71169700
2019-06-06,284.79998779296875,283.2900085449219,285.54998779296875,282.57000732421875,69430400
2019-06-07,287.6499938964844,285.92999267578125,288.8500061035156,285.739990234375,74272200
2019-06-10,288.9700012207031,289.3699951171875,290.82000732421875,288.8699951171875,60799100
2019-06-11,288.8999938964844,290.989990234375,291.3999938964844,288.17999267578125,58641300
2019-06-12,288.3900146484375,288.6400146484375,289.260009765625,287.82000732421875,47096300
2019-06-13,289.5799865722656,289.3999938964844,289.9800109863281,288.6199951171875,48945200
2019-06-14,289.260009765625,289.260009765625,289.92999267578125,288.4100036621094,52324700
2019-06-17,289.3699951171875,289.5199890136719,290.2200012207031,289.17999267578125,39205700
2019-06-18,292.3999938964844,291.3900146484375,293.57000732421875,290.989990234375,85434800
2019-06-19,293.05999755859375,292.54998779296875,293.6499938964844,291.4700012207031,78674400
2019-06-20,295.8599853515625,296.0400085449219,296.30999755859375,293.1300048828125,116570000
2019-06-21,294.0,294.1300048828125,295.5199890136719,293.760009765625,83309500
2019-06-24,293.6400146484375,294.2300109863281,294.5799865722656,293.4700012207031,47582700
2019-06-25,290.760009765625,293.70001220703125,293.7300109863281,290.6400146484375,82028700
2019-06-26,290.4700012207031,291.75,292.30999755859375,290.3500061035156,51584900
2019-06-27,291.5,291.30999755859375,292.05999755859375,290.8900146484375,40355200
2019-06-28,293.0,292.5799865722656,293.54998779296875,292.010009765625,59350900
2019-07-01,295.6600036621094,296.67999267578125,296.9200134277344,294.3299865722656,78705600
2019-07-02,296.42999267578125,295.6099853515625,296.489990234375,294.67999267578125,61504500
2019-07-03,298.79998779296875,297.17999267578125,298.82000732421875,297.0199890136719,40898900
2019-07-05,298.4599914550781,297.44000244140625,298.6400146484375,296.010009765625,51677300
2019-07-08,296.82000732421875,297.010009765625,298.260009765625,296.2200012207031,45841800
2019-07-09,297.19000244140625,295.5400085449219,297.5199890136719,295.4800109863281,41101300
2019-07-10,298.6099853515625,298.3699951171875,299.6600036621094,297.7799987792969,58448500
2019-07-11,299.30999755859375,299.32000732421875,299.5799865722656,298.20001220703125,50826100
2019-07-12,300.6499938964844,299.8500061035156,300.7300109863281,299.510009765625,40326000
2019-07-15,300.75,301.1300048828125,301.1300048828125,300.19000244140625,33900000
2019-07-16,299.7799987792969,300.6499938964844,300.8800048828125,299.44000244140625,36650100
2019-07-17,297.739990234375,299.75,299.92999267578125,297.739990234375,36036300
2019-07-18,298.8299865722656,297.19000244140625,299.25,296.70001220703125,51392600
2019-07-19,297.1700134277344,300.0400085449219,300.07000732421875,296.9800109863281,58678600
2019-07-22,297.8999938964844,297.6099853515625,298.5,297.0400085449219,43638100
2019-07-23,300.0299987792969,299.1400146484375,300.0299987792969,298.2200012207031,44564500
2019-07-24,301.44000244140625,299.19000244140625,301.44000244140625,299.0899963378906,47213200
2019-07-25,300.0,300.94000244140625,301.0,299.1099853515625,55394100
2019-07-26,302.010009765625,300.760009765625,302.2300109863281,300.6199951171875,45084100
2019-07-29,301.4599914550781,301.8800048828125,302.010009765625,300.8500061035156,38126500
2019-07-30,300.7200012207031,299.9100036621094,301.1700134277344,299.489990234375,45849000
2019-07-31,297.42999267578125,300.989990234375,301.20001220703125,295.20001220703125,104245200
2019-08-01,294.8399963378906,297.6000061035156,300.8699951171875,293.9599914550781,142646600
2019-08-02,292.6199951171875,293.8500061035156,294.1199951171875,290.8999938964844,116749700
2019-08-05,283.82000732421875,288.0899963378906,288.2099914550781,281.7200012207031,178745400
2019-08-06,287.79998779296875,285.9100036621094,288.0400085449219,284.2799987792969,120711700
2019-08-07,287.9700012207031,284.3999938964844,288.82000732421875,282.0400085449219,140572300
2019-08-08,293.6199951171875,289.6199951171875,293.6199951171875,289.010009765625,87713900
2019-08-09,291.6199951171875,292.5799865722656,293.239990234375,289.6499938964844,93730000
2019-08-12,288.07000732421875,289.9599914550781,291.6099853515625,287.0199890136719,65527600
2019-08-13,292.54998779296875,287.739990234375,294.1499938964844,287.3599853515625,94299800
2019-08-14,283.8999938964844,288.07000732421875,288.739990234375,283.760009765625,135622100
2019-08-15,284.6499938964844,284.8800048828125,285.6400146484375,282.3900146484375,99556600
2019-08-16,288.8500061035156,286.4800109863281,289.3299865722656,284.7099914550781,83018300
2019-08-19,292.3299865722656,292.19000244140625,293.0799865722656,291.44000244140625,53571800
2019-08-20,290.0899963378906,291.7699890136719,292.3599853515625,289.95001220703125,51596400
2019-08-21,292.45001220703125,292.4800109863281,292.8599853515625,291.7200012207031,49524700
2019-08-22,292.3599853515625,293.2300109863281,293.92999267578125,290.3999938964844,51666400
2019-08-23,284.8500061035156,290.9200134277344,292.760009765625,283.4700012207031,149161500
2019-08-26,288.0,287.2699890136719,288.0,285.5799865722656,72423800
2019-08-27,286.8699951171875,289.5400085449219,289.95001220703125,286.0299987792969,66668900
2019-08-28,288.8900146484375,286.1400146484375,289.07000732421875,285.25,59696700
2019-08-29,292.5799865722656,291.7200012207031,293.1600036621094,290.6099853515625,57899400
2019-08-30,292.45001220703125,294.2200012207031,294.239990234375,291.4200134277344,62901200
2019-09-03,290.739990234375,290.57000732421875,291.5799865722656,289.2699890136719,69101400
2019-09-04,294.0400085449219,293.1400146484375,294.05999755859375,292.30999755859375,46887300
2019-09-05,297.82000732421875,296.7900085449219,298.8299865722656,294.0,83258100
2019-09-06,298.04998779296875,298.1700134277344,298.760009765625,297.4200134277344,49584300
2019-09-09,298.20001220703125,299.1400146484375,299.239990234375,297.1600036621094,51260300
2019-09-10,298.1300048828125,297.3599853515625,298.20001220703125,295.9700012207031,57947100
2019-09-11,300.25,298.4700012207031,300.3399963378906,297.75,68821100
2019-09-12,301.2900085449219,301.25,302.4599914550781,300.4100036621094,72908700
2019-09-13,301.0899963378906,301.7799987792969,302.1700134277344,300.67999267578125,62104800
2019-09-16,300.1600036621094,299.8399963378906,301.1400146484375,299.45001220703125,58191200
2019-09-17,300.9200134277344,299.94000244140625,301.0199890136719,299.75,41475500
2019-09-18,301.1000061035156,300.489990234375,301.2200012207031,298.239990234375,73375800
2019-09-19,301.0799865722656,301.5299987792969,302.6300048828125,300.7099914550781,76560500
2019-09-20,298.2799987792969,300.3599853515625,300.6700134277344,297.4100036621094,89565000
2019-09-23,298.2099914550781,297.54998779296875,299.0,297.2699890136719,43476800
2019-09-24,295.8699951171875,299.4100036621094,299.8399963378906,294.80999755859375,94869400
2019-09-25,297.6199951171875,295.9599914550781,298.1099853515625,294.3299865722656,71854000
2019-09-26,297.0,297.6300048828125,297.8599853515625,295.45001220703125,56179700
2019-09-27,295.3999938964844,297.8299865722656,297.95001220703125,293.69000244140625,84746600
2019-09-30,296.7699890136719,295.9700012207031,297.54998779296875,295.9200134277344,51662400
2019-10-01,293.239990234375,297.739990234375,298.4599914550781,293.0,88242400
2019-10-02,288.05999755859375,291.5,291.510009765625,286.6400146484375,122539500
2019-10-03,290.4200134277344,287.80999755859375,290.45001220703125,284.82000732421875,85278800
2019-10-04,294.3500061035156,291.1400146484375,294.6300048828125,291.0799865722656,65091200
2019-10-07,293.0799865722656,293.4700012207031,295.260009765625,292.7699890136719,59610500
2019-10-08,288.5299987792969,291.0400085449219,291.8500061035156,288.489990234375,95708100
2019-10-09,291.2699890136719,290.75,292.29998779296875,290.05999755859375,62359400
2019-10-10,293.239990234375,291.17999267578125,294.2099914550781,291.0,55296300
2019-10-11,296.2799987792969,296.2699890136719,298.739990234375,296.1400146484375,98720400
2019-10-14,295.95001220703125,295.92999267578125,296.6700134277344,295.57000732421875,40394800
2019-10-15,298.8800048828125,297.1000061035156,299.70001220703125,296.9700012207031,46754500
2019-10-16,298.3999938964844,298.3699951171875,299.1600036621094,297.9200134277344,48928200
2019-10-17,299.2799987792969,299.67999267578125,300.239990234375,298.5199890136719,45736600
2019-10-18,297.9700012207031,298.69000244140625,299.3999938964844,297.0299987792969,64304000
2019-10-21,299.989990234375,299.4200134277344,300.2099914550781,298.94000244140625,39048600
2019-10-22,299.010009765625,300.5799865722656,300.8999938964844,298.9100036621094,48594700
2019-10-23,299.8800048828125,298.7300109863281,299.94000244140625,298.5,34352200
2019-10-24,300.3699951171875,300.9100036621094,301.07000732421875,299.4599914550781,35453100
2019-10-25,301.6000061035156,299.739990234375,302.20001220703125,299.67999267578125,45205400
2019-10-28,303.29998779296875,302.94000244140625,303.8500061035156,302.9100036621094,42147000
2019-10-29,303.2099914550781,303.0,304.2300109863281,302.8599853515625,44284900
2019-10-30,304.1400146484375,303.42999267578125,304.54998779296875,301.989990234375,49643900
2019-10-31,303.3299865722656,304.1300048828125,304.1300048828125,301.7300109863281,69053800
2019-11-01,306.1400146484375,304.9200134277344,306.19000244140625,304.739990234375,71141500
2019-11-04,307.3699951171875,307.8500061035156,308.0,306.9599914550781,60606900
2019-11-05,307.0299987792969,307.5899963378906,307.9200134277344,306.7099914550781,42933200
2019-11-06,307.1000061035156,307.0299987792969,307.3999938964844,306.05999755859375,46487100
2019-11-07,308.17999267578125,308.57000732421875,309.6499938964844,307.6600036621094,54272300
2019-11-08,308.94000244140625,307.79998779296875,309.0,307.0299987792969,49032100
2019-11-11,308.3500061035156,307.4200134277344,308.5400085449219,307.2699890136719,35797300
2019-11-12,309.0,308.75,309.989990234375,308.1499938964844,46484600
2019-11-13,309.1000061035156,307.9100036621094,309.5400085449219,307.6600036621094,53917700
2019-11-14,309.54998779296875,308.7900085449219,309.6400146484375,308.0899963378906,51219900
2019-11-15,311.7900085449219,311.0199890136719,311.8399963378906,310.260009765625,62023600
2019-11-18,312.0199890136719,311.5299987792969,312.2799987792969,311.0299987792969,49228000
2019-11-19,311.92999267578125,312.67999267578125,312.69000244140625,311.2200012207031,67804700
2019-11-20,310.7699890136719,311.2799987792969,311.8500061035156,309.05999755859375,79406200
2019-11-21,310.2699890136719,310.8900146484375,311.010009765625,309.3900146484375,54664700
2019-11-22,310.9599914550781,311.0899963378906,311.239990234375,309.8500061035156,44850200
2019-11-25,313.3699951171875,311.9800109863281,313.3699951171875,311.9800109863281,48647200
2019-11-26,314.0799865722656,313.4100036621094,314.2799987792969,313.05999755859375,37569000
2019-11-27,315.4800109863281,314.6099853515625,315.4800109863281,314.3699951171875,44444600
2019-11-29,314.30999755859375,314.8599853515625,315.1300048828125,314.05999755859375,36592700
2019-12-02,311.6400146484375,314.5899963378906,314.6600036621094,311.1700134277344,75767800
2019-12-03,309.54998779296875,308.6499938964844,309.6400146484375,307.1300048828125,73941700
2019-12-04,311.4599914550781,310.70001220703125,312.1199951171875,310.32000732421875,49080000
2019-12-05,312.0199890136719,312.2300109863281,312.25,310.5799865722656,40709000
2019-12-06,314.8699951171875,314.1199951171875,315.30999755859375,314.1099853515625,48927000
2019-12-09,313.8800048828125,314.44000244140625,315.17999267578125,313.79998779296875,34838500
2019-12-10,313.5299987792969,313.82000732421875,314.54998779296875,312.80999755859375,52649800
2019-12-11,314.4200134277344,314.0299987792969,314.70001220703125,313.44000244140625,53429100
2019-12-12,317.1300048828125,314.42999267578125,317.989990234375,314.1700134277344,96389600
2019-12-13,317.32000732421875,316.8699951171875,318.6700134277344,316.0199890136719,81503900
2019-12-16,319.5,319.2200012207031,320.1499938964844,317.25,82749700
2019-12-17,319.57000732421875,319.9200134277344,320.25,319.4800109863281,61097700
2019-12-18,319.5899963378906,320.0,320.25,319.5299987792969,48133000
2019-12-19,320.8999938964844,319.79998779296875,320.9800109863281,319.5199890136719,85310500
2019-12-20,320.7300109863281,320.4599914550781,321.9700012207031,319.3900146484375,147142100
2019-12-23,321.2200012207031,321.5899963378906,321.6499938964844,321.05999755859375,52990000
2019-12-24,321.2300109863281,321.4700012207031,321.5199890136719,320.8999938964844,20270000
2019-12-26,322.94000244140625,321.6499938964844,322.95001220703125,321.6400146484375,30911200
2019-12-27,322.8599853515625,323.739990234375,323.79998779296875,322.2799987792969,42528800
2019-12-30,321.0799865722656,322.95001220703125,323.1000061035156,320.54998779296875,49729100
2019-12-31,321.8599853515625,320.5299987792969,322.1300048828125,320.1499938964844,57077300
2020-01-02,324.8699951171875,323.5400085449219,324.8900146484375,322.5299987792969,59151200
2020-01-03,322.4100036621094,321.1600036621094,323.6400146484375,321.1000061035156,77709700
2020-01-06,323.6400146484375,320.489990234375,323.7300109863281,320.3599853515625,55653900
2020-01-07,322.7300109863281,323.0199890136719,323.5400085449219,322.239990234375,40496400
2020-01-08,324.45001220703125,322.94000244140625,325.7799987792969,322.6700134277344,68296000
2020-01-09,326.6499938964844,326.1600036621094,326.7300109863281,325.5199890136719,48473300
2020-01-10,325.7099914550781,327.2900085449219,327.4599914550781,325.20001220703125,53029300
2020-01-13,327.95001220703125,326.3900146484375,327.9599914550781,325.9200134277344,47086800
2020-01-14,327.45001220703125,327.4700012207031,328.6199951171875,326.8399963378906,62832800
2020-01-15,328.19000244140625,327.3500061035156,329.0199890136719,327.260009765625,72056600
2020-01-16,330.9200134277344,329.70001220703125,330.9200134277344,329.45001220703125,54050300
2020-01-17,331.95001220703125,331.70001220703125,332.17999267578125,330.8500061035156,95846000
2020-01-21,331.29998779296875,330.8999938964844,332.17999267578125,330.82000732421875,77742400
2020-01-22,331.3399963378906,332.239990234375,332.95001220703125,331.1700134277344,48914900
2020-01-23,331.7200012207031,330.6300048828125,332.1700134277344,329.4100036621094,51963000
2020-01-24,328.7699890136719,332.44000244140625,332.5299987792969,327.3599853515625,87578400
2020-01-27,323.5,323.0299987792969,325.1199951171875,322.6600036621094,84062500
2020-01-28,326.8900146484375,325.05999755859375,327.8500061035156,323.6000061035156,63834000
2020-01-29,326.6199951171875,328.3800048828125,328.6300048828125,326.3999938964844,53888900
2020-01-30,327.67999267578125,324.3599853515625,327.9100036621094,323.5400085449219,75491800
2020-01-31,321.7300109863281,327.0,327.1700134277344,320.7300109863281,113845600
2020-02-03,324.1199951171875,323.3500061035156,326.1600036621094,323.2200012207031,69083000
2020-02-04,329.05999755859375,328.07000732421875,330.010009765625,327.7200012207031,62573200
2020-02-05,332.8599853515625,332.2699890136719,333.0899963378906,330.6700134277344,65951100
2020-02-06,333.9800109863281,333.9100036621094,334.19000244140625,332.79998779296875,50359700
2020-02-07,332.20001220703125,332.82000732421875,333.989990234375,331.6000061035156,64139400
2020-02-10,334.67999267578125,331.2300109863281,334.75,331.19000244140625,42070000
2020-02-11,335.260009765625,336.1600036621094,337.0199890136719,334.67999267578125,54864500
2020-02-12,337.4200134277344,336.8299865722656,337.6499938964844,336.42999267578125,43992700
2020-02-13,337.05999755859375,335.8599853515625,338.1199951171875,335.55999755859375,54501900
2020-02-14,337.6000061035156,337.510009765625,337.7300109863281,336.20001220703125,64582200
2020-02-18,336.7300109863281,336.510009765625,337.6700134277344,335.2099914550781,57226200
2020-02-19,338.3399963378906,337.7900085449219,339.0799865722656,337.4800109863281,48814700
2020-02-20,336.95001220703125,337.739990234375,338.6400146484375,333.67999267578125,74163400
2020-02-21,333.4800109863281,335.4700012207031,335.80999755859375,332.5799865722656,113788200
2020-02-24,322.4200134277344,323.1400146484375,333.55999755859375,321.239990234375,161088400
2020-02-25,312.6499938964844,323.94000244140625,324.6099853515625,311.69000244140625,218913200
2020-02-26,311.5,314.17999267578125,318.1099853515625,310.70001220703125,194773800
2020-02-27,297.510009765625,305.4599914550781,311.55999755859375,297.510009765625,284353500
2020-02-28,296.260009765625,288.70001220703125,297.8900146484375,285.5400085449219,384975800
2020-03-02,309.0899963378906,298.2099914550781,309.1600036621094,294.4599914550781,238703600
2020-03-03,300.239990234375,309.5,313.8399963378906,297.57000732421875,300139100
2020-03-04,312.8599853515625,306.1199951171875,313.1000061035156,303.3299865722656,176613400
2020-03-05,302.4599914550781,304.9800109863281,308.4700012207031,300.010009765625,186366800
2020-03-06,297.4599914550781,293.1499938964844,298.7799987792969,290.2300109863281,228667200
2020-03-09,274.2300109863281,275.29998779296875,284.19000244140625,273.45001220703125,309417300
2020-03-10,288.4200134277344,284.6400146484375,288.5199890136719,273.5,276444100
2020-03-11,274.3599853515625,280.70001220703125,281.94000244140625,270.8800048828125,255316300
2020-03-12,248.11000061035156,256.0,266.6600036621094,247.67999267578125,392220700
2020-03-13,269.32000732421875,263.0899963378906,271.4800109863281,248.52000427246094,329566100
2020-03-16,239.85000610351562,241.17999267578125,256.8999938964844,237.36000061035156,297240000
2020-03-17,252.8000030517578,245.0399932861328,256.1700134277344,237.07000732421875,262070500
2020-03-18,240.0,236.25,248.3699951171875,228.02000427246094,327597100
2020-03-19,240.50999450683594,239.25,247.3800048828125,232.22000122070312,289322000
2020-03-20,228.8000030517578,242.52999877929688,244.47000122070312,228.5,347158800
2020-03-23,222.9499969482422,228.19000244140625,229.67999267578125,218.25999450683594,326025200
2020-03-24,243.14999389648438,234.4199981689453,244.10000610351562,233.8000030517578,235494500
2020-03-25,246.7899932861328,244.8699951171875,256.3500061035156,239.75,299430300
2020-03-26,261.20001220703125,249.52000427246094,262.79998779296875,249.0500030517578,257632800
2020-03-27,253.4199981689453,253.27000427246094,260.80999755859375,251.0500030517578,224341200
2020-03-30,261.6499938964844,255.6999969482422,262.42999267578125,253.52999877929688,171369500
2020-03-31,257.75,260.55999755859375,263.3299865722656,256.2200012207031,194881100
2020-04-01,246.14999389648438,247.97999572753906,257.6600036621094,243.89999389648438,189554600
2020-04-02,251.8300018310547,245.19000244140625,252.67999267578125,244.58999633789062,177660400
2020-04-03,248.19000244140625,250.75999450683594,253.32000732421875,245.22000122070312,135561200
2020-04-06,264.8599853515625,257.8399963378906,267.0,248.1699981689453,188061200
2020-04-07,265.1300048828125,274.2099914550781,275.0299987792969,264.8900146484375,201427200
2020-04-08,274.0299987792969,267.9599914550781,276.0,265.25,153774500
2020-04-09,278.20001220703125,277.5799865722656,281.20001220703125,275.4700012207031,189999200
2020-04-13,275.6600036621094,277.1400146484375,277.510009765625,271.4100036621094,114839100
2020-04-14,283.7900085449219,280.9800109863281,284.8999938964844,275.510009765625,134143400
2020-04-15,277.760009765625,277.57000732421875,283.94000244140625,275.4599914550781,121775000
2020-04-16,279.1000061035156,279.1499938964844,280.0299987792969,275.760009765625,131798300
2020-04-17,286.6400146484375,285.3800048828125,287.29998779296875,282.3999938964844,146684800
2020-04-20,281.5899963378906,282.6099853515625,286.7900085449219,281.3500061035156,100109300
2020-04-21,273.0400085449219,276.7300109863281,278.0400085449219,272.0199890136719,126385700
2020-04-22,279.1000061035156,278.3500061035156,281.0,276.9100036621094,92951600
2020-04-23,279.0799865722656,280.489990234375,283.94000244140625,278.75,104709700
2020-04-24,282.9700012207031,280.7300109863281,283.70001220703125,278.5,85063200
2020-04-27,287.04998779296875,285.1199951171875,288.2699890136719,284.6199951171875,77896600
2020-04-28,285.7300109863281,291.0199890136719,291.3999938964844,285.3999938964844,105270000
2020-04-29,293.2099914550781,291.5299987792969,294.8800048828125,290.4100036621094,118745600
2020-04-30,290.4800109863281,291.7099914550781,293.32000732421875,288.5899963378906,122901700
2020-05-01,282.7900085449219,285.30999755859375,290.6600036621094,281.5199890136719,125180000
2020-05-04,283.57000732421875,280.739990234375,283.8999938964844,279.1300048828125,80873200
2020-05-05,286.19000244140625,286.6400146484375,289.25,283.7099914550781,79569900
2020-05-06,284.25,288.0400085449219,288.4599914550781,283.7799987792969,73632600
2020-05-07,287.67999267578125,287.75,289.7799987792969,287.1300048828125,75250400
2020-05-08,292.44000244140625,291.0899963378906,292.95001220703125,289.8599853515625,76452400
2020-05-11,292.5,290.3399963378906,294.0,289.8800048828125,79514200
2020-05-12,286.6700134277344,293.7900085449219,294.239990234375,286.5199890136719,95870800
2020-05-13,281.6000061035156,286.05999755859375,287.19000244140625,278.9599914550781,144721100
2020-05-14,284.9700012207031,278.95001220703125,285.1099853515625,272.989990234375,121977900
2020-05-15,286.2799987792969,282.3699951171875,286.3299865722656,281.3399963378906,111146300
2020-05-18,295.0,293.04998779296875,296.75,292.70001220703125,119703800
2020-05-19,291.9700012207031,294.3500061035156,296.2099914550781,291.95001220703125,95189300
2020-05-20,296.92999267578125,295.82000732421875,297.8699951171875,295.57000732421875,85861700
2020-05-21,294.8800048828125,296.7900085449219,297.6700134277344,293.69000244140625,78293900
2020-05-22,295.44000244140625,294.57000732421875,295.6300048828125,293.2200012207031,63958200
2020-05-26,299.0799865722656,301.92999267578125,302.19000244140625,295.4599914550781,88951400
2020-05-27,303.5299987792969,302.1199951171875,303.57000732421875,296.8699951171875,104817400
2020-05-28,302.9700012207031,304.6499938964844,306.8399963378906,302.239990234375,90405200
2020-05-29,304.32000732421875,302.4599914550781,304.9599914550781,299.4700012207031,119090800
2020-06-01,305.54998779296875,303.6199951171875,306.2099914550781,303.05999755859375,55758300
2020-06-02,308.0799865722656,306.54998779296875,308.1300048828125,305.1000061035156,74267200
2020-06-03,312.17999267578125,310.239990234375,313.2200012207031,309.94000244140625,92567600
2020-06-04,311.3599853515625,311.1099853515625,313.0,309.0799865722656,75794400
2020-06-05,319.3399963378906,317.2300109863281,321.2699890136719,317.1600036621094,150524700
2020-06-08,323.20001220703125,320.2200012207031,323.4100036621094,319.6300048828125,73641200
2020-06-09,320.7900085449219,320.29998779296875,323.2799987792969,319.3599853515625,77479200
2020-06-10,319.0,321.4200134277344,322.3900146484375,318.2200012207031,95000800
2020-06-11,300.6099853515625,311.4599914550781,312.1499938964844,300.010009765625,209243600
2020-06-12,304.2099914550781,308.239990234375,309.0799865722656,298.6000061035156,194678900
2020-06-15,307.04998779296875,298.0199890136719,308.2799987792969,296.739990234375,135782700
2020-06-16,312.9599914550781,315.4800109863281,315.6400146484375,307.6700134277344,137627500
2020-06-17,311.6600036621094,314.07000732421875,314.3900146484375,310.8599853515625,83398900
2020-06-18,311.7799987792969,310.010009765625,312.29998779296875,309.510009765625,80828700
2020-06-19,308.6400146484375,314.1700134277344,314.3800048828125,306.5299987792969,135549600
2020-06-22,310.6199951171875,307.989990234375,311.04998779296875,306.75,74649400
2020-06-23,312.04998779296875,313.489990234375,314.5,311.6099853515625,68471200
2020-06-24,304.0899963378906,309.8399963378906,310.510009765625,302.1000061035156,132813500
2020-06-25,307.3500061035156,303.4700012207031,307.6400146484375,301.2799987792969,89468000
2020-06-26,300.04998779296875,306.1600036621094,306.3900146484375,299.4200134277344,127961000
2020-06-29,304.4599914550781,301.4100036621094,304.6099853515625,298.92999267578125,79773300
2020-06-30,308.3599853515625,303.989990234375,310.20001220703125,303.82000732421875,113394800
2020-07-01,310.5199890136719,309.57000732421875,311.8900146484375,309.07000732421875,72396500
2020-07-02,312.2300109863281,314.239990234375,315.70001220703125,311.510009765625,69344200
2020-07-06,317.04998779296875,316.3699951171875,317.67999267578125,315.55999755859375,61713800
2020-07-07,313.7799987792969,315.3800048828125,317.5199890136719,313.3699951171875,82910000
2020-07-08,316.17999267578125,314.6099853515625,316.29998779296875,312.70001220703125,54638600
2020-07-09,314.3800048828125,316.8399963378906,317.1000061035156,310.67999267578125,83354200
2020-07-10,317.5899963378906,314.30999755859375,317.8800048828125,312.760009765625,57550400
2020-07-13,314.8399963378906,320.1300048828125,322.7099914550781,314.1300048828125,102997500
2020-07-14,318.9200134277344,313.29998779296875,319.760009765625,312.0,93657000
2020-07-15,321.8500061035156,322.4100036621094,323.0400085449219,319.2699890136719,87196500
2020-07-16,320.7900085449219,319.7900085449219,321.2799987792969,319.0899963378906,54622500
2020-07-17,321.7200012207031,321.8800048828125,322.57000732421875,319.739990234375,62774900
2020-07-20,324.32000732421875,321.42999267578125,325.1300048828125,320.6199951171875,56308800
2020-07-21,325.010009765625,326.45001220703125,326.92999267578125,323.94000244140625,57292200
2020-07-22,326.8599853515625,324.6199951171875,327.20001220703125,324.5,57792900
2020-07-23,322.9599914550781,326.4700012207031,327.2300109863281,321.4800109863281,75738000
2020-07-24,320.8800048828125,320.95001220703125,321.989990234375,319.25,73766600
2020-07-27,323.2200012207031,321.6300048828125,323.4100036621094,320.7699890136719,48293000
2020-07-28,321.1700134277344,322.42999267578125,323.6400146484375,320.8500061035156,57495000
2020-07-29,325.1199951171875,322.1199951171875,325.7300109863281,322.0799865722656,48454200
2020-07-30,323.9599914550781,321.8999938964844,324.4100036621094,319.6400146484375,61861700
2020-07-31,326.5199890136719,325.8999938964844,326.6300048828125,321.3299865722656,84986800
2020-08-03,328.7900085449219,328.32000732421875,329.6199951171875,327.7300109863281,53077900
2020-08-04,330.05999755859375,327.8599853515625,330.05999755859375,327.8599853515625,41917900
2020-08-05,332.1099853515625,331.4700012207031,332.3900146484375,331.17999267578125,42697700
2020-08-06,334.3299865722656,331.4800109863281,334.4599914550781,331.1300048828125,43679400
2020-08-07,334.57000732421875,333.2799987792969,334.8800048828125,332.29998779296875,57308300
2020-08-10,335.57000732421875,335.05999755859375,335.7699890136719,332.9599914550781,44282100
2020-08-11,332.79998779296875,336.8500061035156,337.5400085449219,332.010009765625,69601100
2020-08-12,337.44000244140625,335.44000244140625,338.2799987792969,335.4100036621094,53774400
2020-08-13,336.8299865722656,336.6099853515625,338.25,335.8299865722656,41816100
2020-08-14,336.8399963378906,336.4100036621094,337.4200134277344,335.6199951171875,47260400
2020-08-17,337.9100036621094,337.94000244140625,338.3399963378906,336.8500061035156,35481000
2020-08-18,338.6400146484375,338.3399963378906,339.1000061035156,336.6099853515625,38733900
2020-08-19,337.2300109863281,339.04998779296875,339.6099853515625,336.6199951171875,68054200
2020-08-20,338.2799987792969,335.3599853515625,338.79998779296875,335.2200012207031,42207800
2020-08-21,339.4800109863281,337.9200134277344,339.7200012207031,337.54998779296875,55106600
2020-08-24,342.9200134277344,342.1199951171875,343.0,339.45001220703125,48588700
2020-08-25,344.1199951171875,343.5299987792969,344.2099914550781,342.2699890136719,38463400
2020-08-26,347.57000732421875,344.760009765625,347.8599853515625,344.1700134277344,50790200
2020-08-27,348.3299865722656,348.510009765625,349.8999938964844,346.5299987792969,58034100
2020-08-28,350.5799865722656,349.44000244140625,350.7200012207031,348.1499938964844,48588900
2020-08-31,349.30999755859375,350.3500061035156,351.29998779296875,349.05999755859375,66099200
2020-09-01,352.6000061035156,350.2099914550781,352.7099914550781,349.239990234375,54908700
2020-09-02,357.70001220703125,354.6700134277344,358.75,353.42999267578125,69540000
2020-09-03,345.3900146484375,355.8699951171875,356.3800048828125,342.5899963378906,148011100
2020-09-04,342.57000732421875,346.1300048828125,347.8299865722656,334.8699951171875,139156300
2020-09-08,333.2099914550781,336.7099914550781,342.6400146484375,332.8800048828125,114465300
2020-09-09,339.7900085449219,337.54998779296875,342.4599914550781,336.6099853515625,91462300
2020-09-10,333.8900146484375,341.82000732421875,342.5299987792969,332.8500061035156,90569500
2020-09-11,334.05999755859375,335.82000732421875,336.9700012207031,331.0,84680200
2020-09-14,338.4599914550781,337.489990234375,340.3800048828125,334.2200012207031,65605700
2020-09-15,340.1700134277344,341.1199951171875,342.0199890136719,338.4700012207031,52920900
2020-09-16,338.82000732421875,341.510009765625,343.05999755859375,338.5199890136719,82096000
2020-09-17,335.8399963378906,333.55999755859375,337.70001220703125,332.989990234375,91523300
2020-09-18,330.6499938964844,335.3699951171875,335.489990234375,327.9700012207031,105877900
2020-09-21,326.9700012207031,325.70001220703125,327.1300048828125,321.7300109863281,99450800
2020-09-22,330.29998779296875,328.57000732421875,330.8999938964844,325.8599853515625,63612100
2020-09-23,322.6400146484375,330.8999938964844,331.20001220703125,322.1000061035156,93112200
2020-09-24,323.5,321.2200012207031,326.79998779296875,319.79998779296875,76681300
2020-09-25,328.7300109863281,322.5799865722656,329.5799865722656,321.6400146484375,71069400
2020-09-28,334.19000244140625,333.2200012207031,334.9599914550781,332.1499938964844,64584600
2020-09-29,332.3699951171875,333.9700012207031,334.7699890136719,331.6199951171875,51304000
2020-09-30,334.8900146484375,333.0899963378906,338.2900085449219,332.8800048828125,104081100
2020-10-01,337.0400085449219,337.69000244140625,338.739990234375,335.010009765625,88698700
2020-10-02,333.8399963378906,331.70001220703125,337.010009765625,331.19000244140625,89431100
2020-10-05,339.760009765625,336.05999755859375,339.9599914550781,336.010009765625,45713100
2020-10-06,334.92999267578125,339.9100036621094,342.1700134277344,334.3800048828125,90128900
2020-10-07,340.760009765625,338.1199951171875,341.6300048828125,338.0899963378906,56999600
2020-10-08,343.7799987792969,342.8500061035156,343.8500061035156,341.8599853515625,45242500
2020-10-09,346.8500061035156,345.55999755859375,347.3500061035156,344.8900146484375,59528600
2020-10-12,352.42999267578125,349.5899963378906,354.0199890136719,349.05999755859375,80388500
2020-10-13,350.1300048828125,352.2799987792969,352.4700012207031,349.0899963378906,73255500
2020-10-14,347.92999267578125,350.75,351.92999267578125,347.1400146484375,57727900
2020-10-15,347.5,343.7099914550781,348.0199890136719,343.1300048828125,60357700
2020-10-16,347.2900085449219,348.9599914550781,350.75,347.1000061035156,89501900
2020-10-19,342.010009765625,348.6499938964844,349.3299865722656,341.0400085449219,68425600
2020-10-20,343.3800048828125,343.4599914550781,346.8800048828125,342.6400146484375,60051900
2020-10-21,342.7300109863281,343.3299865722656,345.6700134277344,342.3999938964844,63575000
2020-10-22,344.6099853515625,342.9599914550781,345.239990234375,340.6499938964844,55399300
2020-10-23,345.7799987792969,345.92999267578125,345.989990234375,343.1300048828125,49143900
2020-10-26,339.3900146484375,342.1300048828125,342.9800109863281,335.6199951171875,91473000
2020-10-27,338.2200012207031,339.760009765625,340.1199951171875,337.989990234375,65994100
2020-10-28,326.6600036621094,332.1000061035156,338.25,326.1300048828125,127094300
2020-10-29,329.9800109863281,326.9100036621094,333.3999938964844,325.0899963378906,90597700
2020-10-30,326.5400085449219,328.2799987792969,329.69000244140625,322.6000061035156,120287300
2020-11-02,330.20001220703125,330.20001220703125,332.3599853515625,327.239990234375,86068300
2020-11-03,336.0299987792969,333.69000244140625,338.25,330.2900085449219,93294200
2020-11-04,343.5400085449219,340.8599853515625,347.94000244140625,339.5899963378906,126959700
2020-11-05,350.239990234375,349.239990234375,352.19000244140625,348.8599853515625,82039700
2020-11-06,350.1600036621094,349.92999267578125,351.510009765625,347.6499938964844,74973000
2020-11-09,354.55999755859375,363.9700012207031,364.3800048828125,354.05999755859375,172304200
2020-11-10,354.0400085449219,353.489990234375,355.17999267578125,350.510009765625,85552000
2020-11-11,356.6700134277344,356.3999938964844,357.55999755859375,355.05999755859375,58649000
2020-11-12,353.2099914550781,355.5799865722656,356.7200012207031,351.260009765625,67546200
2020-11-13,358.1000061035156,355.2699890136719,358.8999938964844,354.7099914550781,62892200
2020-11-16,362.57000732421875,360.9800109863281,362.7799987792969,359.5899963378906,74541100
2020-11-17,360.6199951171875,359.9700012207031,361.9200134277344,358.3399963378906,66111000
2020-11-18,356.2799987792969,360.9100036621094,361.5,356.239990234375,70591300
2020-11-19,357.7799987792969,355.6000061035156,358.17999267578125,354.1499938964844,59940900
2020-11-20,355.3299865722656,357.5,357.7200012207031,355.25,70417300
2020-11-23,357.4599914550781,357.2799987792969,358.82000732421875,354.8699951171875,63230600
2020-11-24,363.2200012207031,360.2099914550781,363.80999755859375,359.2900085449219,62415900
2020-11-25,362.6600036621094,363.1300048828125,363.1600036621094,361.4800109863281,45330900
2020-11-27,363.6700134277344,363.8399963378906,364.17999267578125,362.5799865722656,28514100
2020-11-30,362.05999755859375,362.8299865722656,363.1199951171875,359.1700134277344,83872700
2020-12-01,366.0199890136719,365.57000732421875,367.67999267578125,364.92999267578125,74231400
2020-12-02,366.7900085449219,364.82000732421875,366.9599914550781,364.20001220703125,45927000
2020-12-03,366.69000244140625,366.67999267578125,368.19000244140625,365.5,62882000
2020-12-04,369.8500061035156,367.32000732421875,369.8500061035156,367.2200012207031,50749900
2020-12-07,369.0899963378906,369.0199890136719,369.6199951171875,367.7200012207031,48944300
2020-12-08,370.1700134277344,367.7200012207031,370.7799987792969,367.6700134277344,42458900
2020-12-09,366.8500061035156,370.8800048828125,371.04998779296875,365.95001220703125,74098300
2020-12-10,366.7300109863281,365.3699951171875,367.8599853515625,364.42999267578125,57735400
2020-12-11,366.29998779296875,364.8999938964844,366.739990234375,363.260009765625,57698600
2020-12-14,364.6600036621094,368.6400146484375,369.79998779296875,364.4700012207031,69216200
2020-12-15,369.5899963378906,367.3999938964844,369.5899963378906,365.9200134277344,63865300
2020-12-16,370.1700134277344,369.82000732421875,371.1600036621094,368.8699951171875,58420500
2020-12-17,372.239990234375,371.94000244140625,372.4599914550781,371.04998779296875,64119500
2020-12-18,369.17999267578125,370.9700012207031,371.1499938964844,367.0199890136719,136542300
2020-12-21,367.8599853515625,364.9700012207031,378.4599914550781,362.0299987792969,96386700
2020-12-22,367.239990234375,368.2099914550781,368.3299865722656,366.0299987792969,47949000
2020-12-23,367.57000732421875,368.2799987792969,369.6199951171875,367.2200012207031,46201400
2020-12-24,369.0,368.0799865722656,369.0299987792969,367.45001220703125,26457900
2020-12-28,372.1700134277344,371.739990234375,372.5899963378906,371.07000732421875,39000400
2020-12-29,371.4599914550781,373.80999755859375,374.0,370.8299865722656,53680500
2020-12-30,371.989990234375,372.3399963378906,373.1000061035156,371.57000732421875,49455300
2020-12-31,373.8800048828125,371.7799987792969,374.6600036621094,371.2300109863281,78520700
2021-01-04,368.7900085449219,375.30999755859375,375.45001220703125,364.82000732421875,110210800
2021-01-05,371.3299865722656,368.1000061035156,372.5,368.04998779296875,66426200
2021-01-06,373.54998779296875,369.7099914550781,376.9800109863281,369.1199951171875,107997700
2021-01-07,379.1000061035156,376.1000061035156,379.8999938964844,375.9100036621094,68766800
2021-01-08,381.260009765625,380.5899963378906,381.489990234375,377.1000061035156,71677200
2021-01-11,378.69000244140625,377.8500061035156,380.5799865722656,377.7200012207031,51034700
2021-01-12,378.7699890136719,378.8900146484375,379.8599853515625,376.3599853515625,52547700
2021-01-13,379.7900085449219,378.69000244140625,380.8599853515625,377.8500061035156,45303600
2021-01-14,378.4599914550781,380.5899963378906,381.1300048828125,378.1000061035156,49989100
2021-01-15,375.70001220703125,376.7200012207031,377.5799865722656,373.70001220703125,107160000
2021-01-19,378.6499938964844,378.3399963378906,379.2300109863281,376.75,51233300
2021-01-20,383.8900146484375,381.1099853515625,384.7900085449219,380.69000244140625,61836100
2021-01-21,384.239990234375,384.489990234375,384.95001220703125,383.25,47840100
2021-01-22,382.8800048828125,382.25,384.1300048828125,381.8399963378906,52860500
2021-01-25,384.3900146484375,383.6700134277344,384.7699890136719,378.4599914550781,70402000
2021-01-26,383.7900085449219,385.4100036621094,385.8500061035156,383.5400085449219,42665300
2021-01-27,374.4100036621094,380.2200012207031,380.32000732421875,372.010009765625,123351100
2021-01-28,377.6300048828125,376.3599853515625,381.92999267578125,375.8900146484375,94198100
2021-01-29,370.07000732421875,375.6300048828125,376.6700134277344,368.2699890136719,126765100
2021-02-01,376.2300109863281,373.7200012207031,377.3399963378906,370.3800048828125,75817600
2021-02-02,381.54998779296875,379.6499938964844,383.2200012207031,376.32000732421875,64450700
2021-02-03,381.8500061035156,382.44000244140625,383.70001220703125,380.4800109863281,52427100
2021-02-04,386.19000244140625,382.9599914550781,386.239990234375,381.9700012207031,47142600
2021-02-05,387.7099914550781,388.20001220703125,388.4700012207031,386.1400146484375,48669800
2021-02-08,390.510009765625,389.2699890136719,390.55999755859375,388.3500061035156,38365200
2021-02-09,390.25,389.6099853515625,390.8900146484375,389.1700134277344,35551100
2021-02-10,390.0799865722656,392.1199951171875,392.2799987792969,387.5,59154400
2021-02-11,390.7099914550781,391.239990234375,391.69000244140625,388.1000061035156,42913300
2021-02-12,392.6400146484375,389.8500061035156,392.8999938964844,389.7699890136719,50593300
2021-02-16,392.29998779296875,393.9599914550781,394.1700134277344,391.5299987792969,50972400
2021-02-17,392.3900146484375,390.4200134277344,392.6600036621094,389.3299865722656,52290600
2021-02-18,390.7200012207031,389.5899963378906,391.5199890136719,387.739990234375,59712800
2021-02-19,390.0299987792969,392.07000732421875,392.3800048828125,389.54998779296875,83241000
2021-02-22,387.0299987792969,387.05999755859375,389.6199951171875,386.739990234375,67414200
2021-02-23,387.5,384.6600036621094,388.95001220703125,380.20001220703125,107284100
2021-02-24,391.7699890136719,386.3299865722656,392.2300109863281,385.2699890136719,72433900
2021-02-25,382.3299865722656,390.4100036621094,391.8800048828125,380.7799987792969,146670500
2021-02-26,380.3599853515625,384.3500061035156,385.5799865722656,378.2300109863281,152701600
2021-03-01,389.5799865722656,385.5899963378906,390.9200134277344,380.57000732421875,105348800
2021-03-02,386.5400085449219,389.82000732421875,390.07000732421875,386.0,79595300
2021-03-03,381.4200134277344,385.7900085449219,386.8299865722656,381.30999755859375,119940200
2021-03-04,376.70001220703125,381.2200012207031,384.0,371.8800048828125,183433000
2021-03-05,383.6300048828125,380.4599914550781,384.760009765625,372.6400146484375,152039600
2021-03-08,381.7200012207031,384.6600036621094,387.67999267578125,381.4200134277344,123149200
2021-03-09,387.1700134277344,385.8500061035156,389.9100036621094,385.30999755859375,113633600
2021-03-10,389.5799865722656,389.69000244140625,391.3999938964844,388.1700134277344,109899400
2021-03-11,393.5299987792969,392.2300109863281,395.6499938964844,391.739990234375,86245000
2021-03-12,394.05999755859375,392.07000732421875,394.2099914550781,391.20001220703125,64653600
2021-03-15,396.4100036621094,394.3299865722656,396.69000244140625,392.0299987792969,73427200
2021-03-16,395.9100036621094,397.07000732421875,397.8299865722656,395.0799865722656,73722500
2021-03-17,397.260009765625,394.5299987792969,398.1199951171875,393.29998779296875,97959300
2021-03-18,391.4800109863281,394.4800109863281,396.7200012207031,390.75,115349100
2021-03-19,389.4800109863281,389.8800048828125,391.57000732421875,387.1499938964844,113624500
2021-03-22,392.5899963378906,390.0299987792969,394.07000732421875,389.9700012207031,73778600
2021-03-23,389.5,391.9100036621094,393.4599914550781,388.6600036621094,90686600
2021-03-24,387.5199890136719,391.0,392.75,387.4700012207031,97588600
2021-03-25,389.70001220703125,385.9800109863281,390.54998779296875,383.8999938964844,116128600
2021-03-26,395.9800109863281,390.92999267578125,396.4100036621094,390.2900085449219,114409100
2021-03-29,395.7799987792969,394.3999938964844,396.75,392.80999755859375,108107600
2021-03-30,394.7300109863281,394.4200134277344,395.45001220703125,393.0199890136719,76262200
2021-03-31,396.3299865722656,395.3399963378906,398.0,395.30999755859375,112734200
2021-04-01,400.6099853515625,398.3999938964844,400.6700134277344,398.17999267578125,99682900
2021-04-05,406.3599853515625,403.4599914550781,406.94000244140625,403.3800048828125,91684800
2021-04-06,406.1199951171875,405.760009765625,407.239990234375,405.3999938964844,62021000
2021-04-07,406.5899963378906,405.94000244140625,406.9599914550781,405.45001220703125,55836300
2021-04-08,408.5199890136719,407.92999267578125,408.5799865722656,406.92999267578125,57863100
2021-04-09,411.489990234375,408.3900146484375,411.6700134277344,408.260009765625,61104600
2021-04-12,411.6400146484375,410.8500061035156,411.92999267578125,410.20001220703125,56704900
2021-04-13,412.8599853515625,411.5299987792969,413.5299987792969,411.1199951171875,56551000
2021-04-14,411.45001220703125,412.8299865722656,413.9599914550781,410.8699951171875,61659900
2021-04-15,415.8699951171875,413.739990234375,416.1600036621094,413.69000244140625,60229800
2021-04-16,417.260009765625,417.25,417.9100036621094,415.7300109863281,82037300
2021-04-19,415.2099914550781,416.260009765625,416.739990234375,413.7900085449219,78498500
2021-04-20,412.1700134277344,413.9100036621094,415.0899963378906,410.5899963378906,81851800
2021-04-21,416.07000732421875,411.510009765625,416.2900085449219,411.3599853515625,66793000
2021-04-22,412.2699890136719,415.8900146484375,416.7799987792969,411.1300048828125,97582800
2021-04-23,416.739990234375,412.8699951171875,418.25,412.7900085449219,73209200
2021-04-26,417.6099853515625,417.44000244140625,418.2200012207031,416.80999755859375,52182400
2021-04-27,417.5199890136719,417.92999267578125,418.1400146484375,416.29998779296875,51303100
2021-04-28,417.3999938964844,417.80999755859375,419.010009765625,416.8999938964844,51238900
2021-04-29,420.05999755859375,420.32000732421875,420.7200012207031,416.44000244140625,78544300
2021-04-30,417.29998779296875,417.6300048828125,418.5400085449219,416.3399963378906,85527000
2021-05-03,418.20001220703125,419.42999267578125,419.8399963378906,417.6700134277344,68128300
2021-05-04,415.6199951171875,416.07000732421875,416.6000061035156,411.6700134277344,101591200
2021-05-05,415.75,417.3800048828125,417.6300048828125,415.1499938964844,60162200
2021-05-06,419.07000732421875,415.8299865722656,419.2099914550781,413.67999267578125,74321400
2021-05-07,422.1199951171875,419.8900146484375,422.82000732421875,419.1600036621094,67733800
2021-05-10,417.94000244140625,422.5,422.739990234375,417.80999755859375,81852400
2021-05-11,414.2099914550781,413.1000061035156,415.2699890136719,410.05999755859375,116888000
2021-05-12,405.4100036621094,411.2300109863281,412.5899963378906,404.0,134811000
2021-05-13,410.2799987792969,407.07000732421875,412.3500061035156,407.0199890136719,106394000
2021-05-14,416.5799865722656,413.2099914550781,417.489990234375,413.17999267578125,82201600
2021-05-17,415.5199890136719,415.3900146484375,416.3900146484375,413.3599853515625,65129200
2021-05-18,411.94000244140625,415.79998779296875,416.05999755859375,411.7699890136719,59810200
2021-05-19,410.8599853515625,406.9200134277344,411.04998779296875,405.3299865722656,106467100
2021-05-20,415.2799987792969,411.79998779296875,416.6300048828125,411.6700134277344,78022200
2021-05-21,414.94000244140625,416.8699951171875,418.20001220703125,414.45001220703125,76578700
2021-05-24,419.1700134277344,417.3399963378906,420.32000732421875,417.0799865722656,51376700
2021-05-25,418.239990234375,420.3299865722656,420.7099914550781,417.6199951171875,57451400
2021-05-26,419.07000732421875,418.8699951171875,419.6099853515625,417.760009765625,43088600
2021-05-27,419.2900085449219,420.1700134277344,420.7200012207031,418.989990234375,56707700
2021-05-28,420.0400085449219,420.9700012207031,421.25,419.7900085449219,58520200
2021-06-01,419.6700134277344,422.57000732421875,422.7200012207031,419.20001220703125,54216600
2021-06-02,420.3299865722656,420.3699951171875,421.2300109863281,419.2900085449219,49097100
2021-06-03,418.7699890136719,417.8500061035156,419.989990234375,416.2799987792969,58138800
2021-06-04,422.6000061035156,420.75,422.9200134277344,418.8399963378906,55938800
2021-06-07,422.19000244140625,422.5899963378906,422.7799987792969,421.19000244140625,51555000
2021-06-08,422.2799987792969,423.1099853515625,423.2099914550781,420.32000732421875,47134300
2021-06-09,421.6499938964844,423.17999267578125,423.260009765625,421.4100036621094,48436300
2021-06-10,423.6099853515625,422.9599914550781,424.6300048828125,421.54998779296875,51020100
2021-06-11,424.30999755859375,424.20001220703125,424.42999267578125,422.82000732421875,45570800
2021-06-14,425.260009765625,424.42999267578125,425.3699951171875,423.1000061035156,42358500
2021-06-15,424.4800109863281,425.4200134277344,425.4599914550781,423.5400085449219,51508500
2021-06-16,422.1099853515625,424.6300048828125,424.8699951171875,419.9200134277344,80386100
2021-06-17,421.9700012207031,421.6700134277344,423.0199890136719,419.32000732421875,90949700
2021-06-18,414.9200134277344,417.0899963378906,417.8299865722656,414.70001220703125,118676300
2021-06-21,420.8599853515625,416.79998779296875,421.05999755859375,415.92999267578125,72822000
2021-06-22,423.1099853515625,420.8500061035156,424.0,420.0799865722656,57700300
2021-06-23,422.6000061035156,423.19000244140625,424.04998779296875,422.510009765625,49445400
2021-06-24,425.1000061035156,424.8900146484375,425.54998779296875,424.6199951171875,45110300
2021-06-25,426.6099853515625,425.8999938964844,427.0899963378906,425.54998779296875,58129500
2021-06-28,427.4700012207031,427.1700134277344,427.6499938964844,425.8900146484375,53159600
2021-06-29,427.70001220703125,427.8800048828125,428.55999755859375,427.1300048828125,35970500
2021-06-30,428.05999755859375,427.2099914550781,428.7799987792969,427.17999267578125,64827900
2021-07-01,430.42999267578125,428.8699951171875,430.6000061035156,428.79998779296875,53441000
2021-07-02,433.7200012207031,431.6700134277344,434.1000061035156,430.5199890136719,57697700
2021-07-06,432.92999267578125,433.7799987792969,434.010009765625,430.010009765625,68710400
2021-07-07,434.4599914550781,433.6600036621094,434.760009765625,431.510009765625,63549500
2021-07-08,430.9200134277344,428.7799987792969,431.7300109863281,427.5199890136719,97595200
2021-07-09,435.5199890136719,432.5299987792969,435.8399963378906,430.7099914550781,76238600
2021-07-12,437.0799865722656,435.42999267578125,437.3500061035156,434.9700012207031,52889600
2021-07-13,435.5899963378906,436.239990234375,437.8399963378906,435.30999755859375,52911300
2021-07-14,436.239990234375,437.3999938964844,437.9200134277344,434.9100036621094,64130400
2021-07-15,434.75,434.80999755859375,435.5299987792969,432.7200012207031,55126400
2021-07-16,431.3399963378906,436.010009765625,436.05999755859375,430.9200134277344,75874700
2021-07-19,424.9700012207031,426.19000244140625,431.4100036621094,421.9700012207031,147987000
2021-07-20,431.05999755859375,425.67999267578125,432.4200134277344,424.8299865722656,99608200
2021-07-21,434.54998779296875,432.3399963378906,434.70001220703125,431.010009765625,64724400
2021-07-22,435.4599914550781,434.739990234375,435.7200012207031,433.69000244140625,47878500
2021-07-23,439.94000244140625,437.5199890136719,440.29998779296875,436.7900085449219,63766600
2021-07-26,441.0199890136719,439.30999755859375,441.0299987792969,439.260009765625,43719200
2021-07-27,439.010009765625,439.9100036621094,439.94000244140625,435.989990234375,67397100
2021-07-28,438.8299865722656,439.67999267578125,440.29998779296875,437.30999755859375,52472400
2021-07-29,440.6499938964844,439.82000732421875,441.79998779296875,439.80999755859375,47435300
2021-07-30,438.510009765625,437.9100036621094,440.05999755859375,437.7699890136719,68951200
2021-08-02,437.5899963378906,440.3399963378906,440.92999267578125,437.2099914550781,58783300
2021-08-03,441.1499938964844,438.44000244140625,441.2799987792969,436.1000061035156,58053900
2021-08-04,438.9800109863281,439.7799987792969,441.1199951171875,438.7300109863281,46732200
2021-08-05,441.760009765625,440.2200012207031,441.8500061035156,439.8800048828125,38969700
2021-08-06,442.489990234375,442.1000061035156,442.94000244140625,441.79998779296875,46930000
2021-08-09,442.1300048828125,442.4599914550781,442.79998779296875,441.30999755859375,41222600
2021-08-10,442.67999267578125,442.6099853515625,443.44000244140625,441.8800048828125,43339300
2021-08-11,443.7799987792969,443.82000732421875,443.8800048828125,442.6199951171875,44034300
2021-08-12,445.1099853515625,443.6199951171875,445.260009765625,442.6600036621094,38909400
2021-08-13,445.9200134277344,445.5899963378906,445.94000244140625,445.07000732421875,39470300
2021-08-16,446.9700012207031,444.5299987792969,447.1099853515625,442.8699951171875,73740000
2021-08-17,444.0400085449219,444.239990234375,444.9599914550781,440.8500061035156,92673900
2021-08-18,439.17999267578125,442.9599914550781,444.6300048828125,438.9200134277344,89351900
2021-08-19,439.8599853515625,436.2699890136719,441.1400146484375,436.1199951171875,92812200
2021-08-20,443.3599853515625,440.2300109863281,443.7099914550781,439.7099914550781,72008700
2021-08-23,447.260009765625,445.1600036621094,448.2300109863281,443.44000244140625,54973000
2021-08-24,447.9700012207031,447.9700012207031,448.5400085449219,447.4200134277344,38744700
2021-08-25,448.9100036621094,448.1700134277344,449.4599914550781,447.7699890136719,40529700
2021-08-26,446.260009765625,448.6099853515625,448.8599853515625,446.1600036621094,57829600
2021-08-27,450.25,447.1199951171875,450.6499938964844,447.05999755859375,77235100
2021-08-30,452.2300109863281,450.9700012207031,453.07000732421875,450.7099914550781,48357400
2021-08-31,451.55999755859375,452.1300048828125,452.489990234375,450.9200134277344,59300200
2021-09-01,451.79998779296875,452.55999755859375,453.1099853515625,451.54998779296875,48721400
2021-09-02,453.19000244140625,453.32000732421875,454.04998779296875,451.9100036621094,42501000
2021-09-03,453.0799865722656,451.9800109863281,453.6300048828125,451.54998779296875,47170500
2021-09-07,451.4599914550781,452.7099914550781,452.80999755859375,450.739990234375,51671500
2021-09-08,450.9100036621094,450.8900146484375,451.6700134277344,448.8599853515625,56181900
2021-09-09,448.9800109863281,450.70001220703125,452.57000732421875,448.7200012207031,57970400
2021-09-10,445.44000244140625,451.0400085449219,451.489990234375,445.30999755859375,89948200
2021-09-13,446.5799865722656,448.6400146484375,448.9200134277344,444.1099853515625,83738600
2021-09-14,444.1700134277344,448.1199951171875,448.3399963378906,443.2200012207031,78197100
2021-09-15,447.8800048828125,444.6199951171875,448.4100036621094,443.44000244140625,78792200
2021-09-16,447.1700134277344,447.32000732421875,448.3599853515625,444.0199890136719,77786700
2021-09-17,441.3999938964844,444.9200134277344,445.3699951171875,441.0199890136719,118425000
2021-09-20,434.0400085449219,434.8800048828125,436.55999755859375,428.8599853515625,166445500
2021-09-21,433.6300048828125,436.5299987792969,437.9100036621094,433.07000732421875,92526100
2021-09-22,437.8599853515625,436.04998779296875,440.0299987792969,433.75,102350100
2021-09-23,443.17999267578125,439.8500061035156,444.8900146484375,439.6000061035156,76396000
2021-09-24,443.9100036621094,441.44000244140625,444.6700134277344,441.2099914550781,62094800
2021-09-27,442.6400146484375,442.80999755859375,444.04998779296875,441.8999938964844,61371100
2021-09-28,433.7200012207031,439.69000244140625,440.0400085449219,432.94000244140625,130436300
2021-09-29,434.45001220703125,435.19000244140625,437.0400085449219,433.8500061035156,82329200
2021-09-30,429.1400146484375,436.0199890136719,436.7699890136719,428.7799987792969,140506000
2021-10-01,434.239990234375,430.9800109863281,436.0299987792969,427.2300109863281,129240100
2021-10-04,428.6400146484375,433.0,433.9599914550781,426.3599853515625,128570000
2021-10-05,433.1000061035156,430.239990234375,435.489990234375,429.3900146484375,90682500
2021-10-06,434.8999938964844,429.2699890136719,435.1199951171875,427.5400085449219,113032200
2021-10-07,438.6600036621094,438.3900146484375,441.67999267578125,438.20001220703125,72437500
2021-10-08,437.8599853515625,439.4800109863281,439.8900146484375,437.19000244140625,74557400
2021-10-11,434.69000244140625,437.1600036621094,440.260009765625,434.6199951171875,65233300
2021-10-12,433.6199951171875,435.6700134277344,436.1000061035156,432.7799987792969,71181200
2021-10-13,435.17999267578125,434.7099914550781,436.04998779296875,431.5400085449219,72974000
2021-10-14,442.5,439.0799865722656,442.6600036621094,438.5799865722656,70236800
2021-10-15,445.8699951171875,444.75,446.260009765625,444.0899963378906,66260200
2021-10-18,447.19000244140625,443.9700012207031,447.54998779296875,443.2699890136719,62213200
2021-10-19,450.6400146484375,448.9200134277344,450.7099914550781,448.2699890136719,46996800
2021-10-20,452.4100036621094,451.1300048828125,452.7300109863281,451.010009765625,49571600
2021-10-21,453.5899963378906,451.7699890136719,453.8299865722656,451.30999755859375,41305400
2021-10-22,453.1199951171875,453.1300048828125,454.6700134277344,451.04998779296875,58845100
2021-10-25,455.54998779296875,454.2799987792969,455.8999938964844,452.3900146484375,45214500
2021-10-26,455.9599914550781,457.20001220703125,458.489990234375,455.55999755859375,56075100
2021-10-27,453.94000244140625,456.45001220703125,457.1600036621094,453.8599853515625,72438000
2021-10-28,458.32000732421875,455.4599914550781,458.3999938964844,455.45001220703125,51437900
2021-10-29,459.25,455.8699951171875,459.55999755859375,455.55999755859375,70162400
2021-11-01,460.0400085449219,460.29998779296875,460.70001220703125,458.20001220703125,48433600
2021-11-02,461.8999938964844,460.2200012207031,462.2300109863281,460.0799865722656,48908400
2021-11-03,464.7200012207031,461.29998779296875,465.1499938964844,460.8299865722656,52509800
2021-11-04,466.9100036621094,465.3599853515625,467.0,464.989990234375,52847100
2021-11-05,468.5299987792969,469.2799987792969,470.6499938964844,466.9200134277344,66390600
2021-11-08,468.92999267578125,469.70001220703125,470.2300109863281,468.20001220703125,50405200
2021-11-09,467.3800048828125,469.32000732421875,469.57000732421875,465.8800048828125,51149100
2021-11-10,463.6199951171875,465.5799865722656,467.3800048828125,462.0400085449219,69429700
2021-11-11,463.7699890136719,465.2099914550781,465.2900085449219,463.75,34848500
2021-11-12,467.2699890136719,465.1199951171875,467.8599853515625,464.1099853515625,53466700
2021-11-15,467.42999267578125,468.6400146484375,468.80999755859375,466.2300109863281,46980500
2021-11-16,469.2799987792969,467.1499938964844,470.489990234375,467.07000732421875,48857500
2021-11-17,468.1400146484375,469.0,469.19000244140625,467.4800109863281,47858300
2021-11-18,469.7300109863281,469.239990234375,470.010009765625,466.3399963378906,50625600
2021-11-19,468.8900146484375,469.6099853515625,470.94000244140625,468.5,57315600
2021-11-22,467.57000732421875,470.8900146484375,473.5400085449219,467.3500061035156,72762000
2021-11-23,468.19000244140625,467.2200012207031,469.1000061035156,464.45001220703125,73206500
2021-11-24,469.44000244140625,466.05999755859375,469.57000732421875,465.19000244140625,61858800
2021-11-26,458.9700012207031,462.3399963378906,463.8999938964844,457.7699890136719,112669600
2021-11-29,464.6000061035156,464.07000732421875,466.55999755859375,461.7300109863281,86268800
2021-11-30,455.55999755859375,462.0,464.0299987792969,455.29998779296875,148559600
2021-12-01,450.5,461.6400146484375,464.6700134277344,450.2900085449219,131939200
2021-12-02,457.3999938964844,450.7300109863281,459.07000732421875,450.30999755859375,127637800
2021-12-03,453.4200134277344,459.1700134277344,460.29998779296875,448.9200134277344,137331600
2021-12-06,458.7900085449219,456.1300048828125,460.7900085449219,453.55999755859375,98977500
2021-12-07,468.2799987792969,464.4100036621094,468.8800048828125,458.6499938964844,95484700
2021-12-08,469.5199890136719,468.70001220703125,470.0,466.8299865722656,72238800
2021-12-09,466.3500061035156,468.1499938964844,469.6300048828125,466.1400146484375,61272600
2021-12-10,470.739990234375,469.2300109863281,470.8999938964844,466.510009765625,77159800
2021-12-13,466.57000732421875,470.19000244140625,470.55999755859375,466.2699890136719,87724700
2021-12-14,463.3599853515625,463.0899963378906,465.739990234375,460.25,97264100
2021-12-15,470.6000061035156,463.4200134277344,470.8599853515625,460.739990234375,116899300
2021-12-16,466.45001220703125,472.57000732421875,472.8699951171875,464.79998779296875,116568600
2021-12-17,459.8699951171875,461.54998779296875,464.739990234375,458.05999755859375,135511600
2021-12-20,454.9800109863281,454.4800109863281,455.3999938964844,451.1400146484375,107134800
2021-12-21,463.05999755859375,458.6099853515625,463.2099914550781,456.30999755859375,69806300
2021-12-22,467.69000244140625,462.7900085449219,467.80999755859375,462.5799865722656,58890200
2021-12-23,470.6000061035156,468.75,472.19000244140625,468.6400146484375,56439700
2021-12-27,477.260009765625,472.05999755859375,477.30999755859375,472.010009765625,56808600
2021-12-28,476.8699951171875,477.7200012207031,478.80999755859375,476.05999755859375,47274600
2021-12-29,477.4800109863281,476.9800109863281,478.55999755859375,475.9200134277344,54503000
2021-12-30,476.1600036621094,477.92999267578125,479.0,475.6700134277344,55329000
2021-12-31,474.9599914550781,475.6400146484375,476.8599853515625,474.6700134277344,65237400
2022-01-03,477.7099914550781,476.29998779296875,477.8500061035156,473.8500061035156,72668200
2022-01-04,477.54998779296875,479.2200012207031,479.9800109863281,475.5799865722656,71178700
2022-01-05,468.3800048828125,477.1600036621094,477.9800109863281,468.2799987792969,104538900
2022-01-06,467.94000244140625,467.8900146484375,470.82000732421875,465.42999267578125,86858900
2022-01-07,466.0899963378906,467.95001220703125,469.20001220703125,464.6499938964844,85111600
2022-01-10,465.510009765625,462.70001220703125,465.739990234375,456.6000061035156,119362000
2022-01-11,469.75,465.2300109863281,469.8500061035156,462.04998779296875,74303100
2022-01-12,471.0199890136719,471.5899963378906,473.20001220703125,468.94000244140625,67605400
2022-01-13,464.5299987792969,472.19000244140625,472.8800048828125,463.44000244140625,91173100
2022-01-14,464.7200012207031,461.19000244140625,465.0899963378906,459.8999938964844,95890900
2022-01-18,456.489990234375,459.739990234375,459.9599914550781,455.30999755859375,109709100
2022-01-19,451.75,458.1300048828125,459.6099853515625,451.4599914550781,109357600
2022-01-20,446.75,453.75,458.739990234375,444.5,122379700
2022-01-21,437.9800109863281,445.55999755859375,448.05999755859375,437.95001220703125,202271200
2022-01-24,439.8399963378906,432.0299987792969,440.3800048828125,420.760009765625,251783900
2022-01-25,434.4700012207031,433.05999755859375,439.7200012207031,427.1499938964844,167997300
2022-01-26,433.3800048828125,440.7200012207031,444.0400085449219,428.8599853515625,186391100
2022-01-27,431.239990234375,438.260009765625,441.5899963378906,429.45001220703125,149878300
2022-01-28,441.95001220703125,432.67999267578125,442.0,427.82000732421875,164457400
2022-01-31,449.9100036621094,441.239990234375,450.2799987792969,439.80999755859375,152251400
2022-02-01,452.95001220703125,450.67999267578125,453.6300048828125,446.94000244140625,123155400
2022-02-02,457.3500061035156,455.5,458.1199951171875,453.04998779296875,117361000
2022-02-03,446.6000061035156,450.95001220703125,452.9700012207031,445.7099914550781,118024400
2022-02-04,448.70001220703125,446.3500061035156,452.7799987792969,443.8299865722656,118454400
2022-02-07,447.260009765625,449.510009765625,450.989990234375,445.8500061035156,84472900
2022-02-08,450.94000244140625,446.7300109863281,451.9200134277344,445.2200012207031,81012000
2022-02-09,457.5400085449219,455.2200012207031,457.8800048828125,455.010009765625,92589900
2022-02-10,449.32000732421875,451.3399963378906,457.7099914550781,447.20001220703125,140103700
2022-02-11,440.4599914550781,449.4100036621094,451.6099853515625,438.94000244140625,153214600
2022-02-14,439.0199890136719,439.9200134277344,441.6000061035156,435.3399963378906,123006300
2022-02-15,446.1000061035156,443.7300109863281,446.2799987792969,443.17999267578125,88482700
2022-02-16,446.6000061035156,443.92999267578125,448.05999755859375,441.94000244140625,84863600
2022-02-17,437.05999755859375,443.2200012207031,446.57000732421875,436.4200134277344,102259100
2022-02-18,434.2300109863281,437.3299865722656,438.6600036621094,431.82000732421875,132642900
2022-02-22,429.57000732421875,431.8900146484375,435.5,425.8599853515625,124391800
2022-02-23,421.95001220703125,432.6600036621094,433.260009765625,421.3500061035156,132578000
2022-02-24,428.29998779296875,411.0199890136719,428.760009765625,410.6400146484375,213942900
2022-02-25,437.75,429.6099853515625,437.8399963378906,427.8599853515625,121804500
2022-02-28,436.6300048828125,432.0299987792969,438.20001220703125,430.70001220703125,145615000
2022-03-01,429.9800109863281,435.0400085449219,437.1700134277344,427.1099853515625,137785900
2022-03-02,437.8900146484375,432.3699951171875,439.7200012207031,431.57000732421875,117726500
2022-03-03,435.7099914550781,440.4700012207031,441.1099853515625,433.79998779296875,105501700
2022-03-04,432.1700134277344,431.75,433.3699951171875,427.8800048828125,113978200
2022-03-07,419.42999267578125,431.54998779296875,432.29998779296875,419.3599853515625,137896600
2022-03-08,416.25,419.6199951171875,427.2099914550781,415.1199951171875,164772700
2022-03-09,427.4100036621094,425.1400146484375,429.510009765625,422.82000732421875,116990800
2022-03-10,425.4800109863281,422.5199890136719,426.42999267578125,420.44000244140625,93972700
2022-03-11,420.07000732421875,428.1199951171875,428.7699890136719,419.5299987792969,95636300
2022-03-14,417.0,420.8900146484375,424.54998779296875,415.7900085449219,95729200
2022-03-15,426.1700134277344,419.7699890136719,426.8399963378906,418.4200134277344,106219100
2022-03-16,435.6199951171875,429.8900146484375,435.67999267578125,424.79998779296875,144954800
2022-03-17,441.07000732421875,433.5899963378906,441.07000732421875,433.19000244140625,102676900
2022-03-18,444.5199890136719,438.0,444.8599853515625,437.2200012207031,106345500
2022-03-21,444.3900146484375,444.3399963378906,446.4599914550781,440.67999267578125,88349800
2022-03-22,449.5899963378906,445.8599853515625,450.5799865722656,445.8599853515625,74650400
2022-03-23,443.79998779296875,446.9100036621094,448.489990234375,443.7099914550781,79426100
2022-03-24,450.489990234375,445.94000244140625,450.5,444.760009765625,64736900
2022-03-25,452.69000244140625,451.1600036621094,452.9800109863281,448.42999267578125,77101300
2022-03-28,455.9100036621094,452.05999755859375,455.9100036621094,450.05999755859375,68529800
2022-03-29,461.54998779296875,460.0199890136719,462.07000732421875,457.17999267578125,86581500
2022-03-30,458.70001220703125,460.3399963378906,461.20001220703125,456.4700012207031,79666900
2022-03-31,451.6400146484375,457.8900146484375,458.760009765625,451.1600036621094,121699900
2022-04-01,452.9200134277344,453.30999755859375,453.4599914550781,449.1400146484375,89048800
2022-04-04,456.79998779296875,453.1300048828125,456.9100036621094,452.260009765625,59601000
2022-04-05,451.0299987792969,455.2200012207031,457.8299865722656,449.82000732421875,74214500
2022-04-06,446.5199890136719,446.8900146484375,448.92999267578125,443.4700012207031,106898000
2022-04-07,448.7699890136719,445.5899963378906,450.69000244140625,443.5299987792969,78097200
2022-04-08,447.57000732421875,447.9700012207031,450.6300048828125,445.94000244140625,79272700
2022-04-11,439.9200134277344,444.1099853515625,445.0,439.3900146484375,89770500
2022-04-12,438.2900085449219,443.0799865722656,445.75,436.6499938964844,84363600
2022-04-13,443.30999755859375,438.0299987792969,444.1099853515625,437.8399963378906,74070400
2022-04-14,437.7900085449219,443.54998779296875,444.7300109863281,437.67999267578125,97869500
2022-04-18,437.9700012207031,436.80999755859375,439.75,435.6099853515625,66002500
2022-04-19,445.0400085449219,437.8599853515625,445.79998779296875,437.67999267578125,77821000
2022-04-20,444.7099914550781,446.9200134277344,447.57000732421875,443.4800109863281,65224400
2022-04-21,438.05999755859375,448.5400085449219,450.010009765625,437.1000061035156,85417300
2022-04-22,426.0400085449219,436.9100036621094,438.0799865722656,425.44000244140625,132471800
2022-04-25,428.510009765625,423.6700134277344,428.69000244140625,418.8399963378906,119647700
2022-04-26,416.1000061035156,425.8299865722656,426.0400085449219,416.07000732421875,103996300
2022-04-27,417.2699890136719,417.239990234375,422.9200134277344,415.010009765625,122030000
2022-04-28,427.80999755859375,422.2900085449219,429.6400146484375,417.6000061035156,105449100
2022-04-29,412.0,423.5899963378906,425.8699951171875,411.2099914550781,145491100
2022-05-02,414.4800109863281,412.07000732421875,415.9200134277344,405.0199890136719,158312500
2022-05-03,416.3800048828125,415.010009765625,418.92999267578125,413.3599853515625,100028200
2022-05-04,429.05999755859375,417.0799865722656,429.6600036621094,413.7099914550781,144247900
2022-05-05,413.80999755859375,424.54998779296875,425.0,409.44000244140625,172929100
2022-05-06,411.3399963378906,411.1000061035156,414.79998779296875,405.7300109863281,151770800
2022-05-09,398.1700134277344,405.1000061035156,406.4100036621094,396.5,155586100
2022-05-10,399.0899963378906,404.489990234375,406.0799865722656,394.82000732421875,132497200
2022-05-11,392.75,398.07000732421875,404.0400085449219,391.9599914550781,142361000
2022-05-12,392.3399963378906,389.3699951171875,395.79998779296875,385.1499938964844,125090800
2022-05-13,401.7200012207031,396.7099914550781,403.17999267578125,395.6099853515625,104174400
2022-05-16,400.0899963378906,399.9800109863281,403.9700012207031,397.6000061035156,78622400
2022-05-17,408.32000732421875,406.5299987792969,408.57000732421875,402.5799865722656,83029700
2022-05-18,391.8599853515625,403.5,403.79998779296875,390.54998779296875,117674500
2022-05-19,389.4599914550781,388.6199951171875,394.1400146484375,387.1099853515625,98510700
2022-05-20,389.6300048828125,393.25,397.0299987792969,380.5400085449219,131432200
2022-05-23,396.9200134277344,392.8299865722656,397.7300109863281,390.3800048828125,76414900
2022-05-24,393.8900146484375,392.55999755859375,395.1499938964844,386.9599914550781,91448800
2022-05-25,397.3699951171875,392.30999755859375,399.45001220703125,391.8900146484375,91472900
2022-05-26,405.30999755859375,398.6700134277344,407.0400085449219,398.45001220703125,82168300
2022-05-27,415.260009765625,407.9100036621094,415.3800048828125,407.70001220703125,84768700
2022-05-31,412.92999267578125,413.54998779296875,416.4599914550781,410.0299987792969,95937000
2022-06-01,409.5899963378906,415.1700134277344,416.239990234375,406.92999267578125,86585800
2022-06-02,417.3900146484375,409.4200134277344,417.44000244140625,407.0400085449219,79609600
2022-06-03,410.5400085449219,412.3999938964844,414.0400085449219,409.510009765625,71874300
2022-06-06,411.7900085449219,414.7799987792969,416.6099853515625,410.54998779296875,57508900
2022-06-07,415.739990234375,408.1000061035156,416.2200012207031,407.6099853515625,59272400
2022-06-08,411.2200012207031,413.92999267578125,415.82000732421875,410.3800048828125,64350000
2022-06-09,401.44000244140625,409.3399963378906,411.739990234375,401.44000244140625,86289800
2022-06-10,389.79998779296875,394.8800048828125,395.7799987792969,389.75,132893900
2022-06-13,375.0,379.8500061035156,381.80999755859375,373.29998779296875,170004900
2022-06-14,373.8699951171875,376.8500061035156,377.94000244140625,370.5899963378906,104011800
2022-06-15,379.20001220703125,377.3599853515625,383.8999938964844,372.1199951171875,125666800
2022-06-16,366.6499938964844,370.510009765625,370.94000244140625,364.0799865722656,134473300
2022-06-17,365.8599853515625,365.510009765625,369.3800048828125,362.1700134277344,111113900
2022-06-21,375.07000732421875,371.8900146484375,376.5299987792969,371.80999755859375,76811900
2022-06-22,374.3900146484375,370.6199951171875,378.7200012207031,370.17999267578125,90059400
2022-06-23,378.05999755859375,376.6400146484375,378.8299865722656,372.8900146484375,79292100
2022-06-24,390.0799865722656,381.3999938964844,390.0899963378906,381.3699951171875,98050300
2022-06-27,388.5899963378906,391.04998779296875,391.3599853515625,387.44000244140625,66009600
2022-06-28,380.6499938964844,390.2300109863281,393.1600036621094,380.5299987792969,86548900
2022-06-29,380.3399963378906,381.2300109863281,382.2699890136719,378.4200134277344,65676000
2022-06-30,377.25,376.239990234375,380.6600036621094,372.55999755859375,112508300
2022-07-01,381.239990234375,376.55999755859375,381.70001220703125,373.79998779296875,74839700
2022-07-05,381.9599914550781,375.8800048828125,381.9800109863281,372.8999938964844,81438000
2022-07-06,383.25,382.1099853515625,385.8699951171875,379.6000061035156,70426200
2022-07-07,388.989990234375,385.1199951171875,389.8299865722656,383.2699890136719,64525900
2022-07-08,388.6700134277344,387.2699890136719,390.6400146484375,385.6600036621094,72397800
2022-07-11,384.2300109863281,385.8500061035156,386.8699951171875,383.5,58366900
2022-07-12,380.8299865722656,383.6499938964844,386.1600036621094,378.989990234375,62219200
2022-07-13,378.8299865722656,375.1000061035156,381.9200134277344,374.6600036621094,84224600
2022-07-14,377.9100036621094,373.6099853515625,379.04998779296875,371.0400085449219,89704800
2022-07-15,385.1300048828125,382.54998779296875,385.25,380.5400085449219,79060400
2022-07-18,381.95001220703125,388.3800048828125,389.0899963378906,380.6600036621094,63203600
2022-07-19,392.2699890136719,386.0799865722656,392.8699951171875,385.3900146484375,78506000
2022-07-20,394.7699890136719,392.4700012207031,396.260009765625,391.0299987792969,71843800
2022-07-21,398.7900085449219,394.1600036621094,398.8399963378906,391.6300048828125,64903900
2022-07-22,395.0899963378906,398.9200134277344,400.17999267578125,392.75,72197300
2022-07-25,395.57000732421875,395.75,396.4700012207031,393.2099914550781,53631500
2022-07-26,390.8900146484375,393.8399963378906,394.05999755859375,389.95001220703125,52946400
2022-07-27,401.0400085449219,394.3599853515625,402.8800048828125,394.04998779296875,82342100
2022-07-28,406.07000732421875,401.8900146484375,406.79998779296875,398.1499938964844,73966600
2022-07-29,411.989990234375,407.5799865722656,413.0299987792969,406.7699890136719,87003700
2022-08-01,410.7699890136719,409.1499938964844,413.4100036621094,408.3999938964844,69997500
2022-08-02,408.05999755859375,409.1199951171875,413.0,406.82000732421875,63435400
2022-08-03,414.45001220703125,410.29998779296875,415.67999267578125,410.0,67820600
2022-08-04,414.1700134277344,414.3699951171875,415.0899963378906,412.44000244140625,45656600
2022-08-05,413.4700012207031,409.6600036621094,414.1499938964844,409.6000061035156,56814900
2022-08-08,412.989990234375,415.25,417.6199951171875,411.8299865722656,53886100
2022-08-09,411.3500061035156,412.2200012207031,412.75,410.2200012207031,44931800
2022-08-10,419.989990234375,418.7799987792969,420.1400146484375,416.7200012207031,68665700
2022-08-11,419.989990234375,422.989990234375,424.95001220703125,419.2099914550781,59489700
2022-08-12,427.1000061035156,422.0299987792969,427.2099914550781,421.0299987792969,61694500
2022-08-15,428.8599853515625,424.7699890136719,429.4100036621094,424.7099914550781,54048300
2022-08-16,429.70001220703125,427.7300109863281,431.7300109863281,426.8800048828125,59289000
2022-08-17,426.6499938964844,425.9100036621094,429.5,424.5400085449219,63563400
2022-08-18,427.8900146484375,426.8599853515625,428.6099853515625,425.5,49023200
2022-08-19,422.1400146484375,424.9800109863281,425.260009765625,421.2200012207031,68016900
2022-08-22,413.3500061035156,417.04998779296875,417.2300109863281,412.3999938964844,77695600
2022-08-23,412.3500061035156,412.8999938964844,415.4200134277344,411.7699890136719,49105200
2022-08-24,413.6700134277344,412.1099853515625,415.1099853515625,411.3900146484375,49177800
2022-08-25,419.510009765625,415.239990234375,419.55999755859375,414.0899963378906,50942300
2022-08-26,405.30999755859375,419.3900146484375,419.9599914550781,405.25,103087000
2022-08-29,402.6300048828125,402.20001220703125,405.8399963378906,401.20001220703125,65370800
2022-08-30,398.2099914550781,403.8500061035156,404.1000061035156,396.0,85652400
2022-08-31,395.17999267578125,399.92999267578125,401.239990234375,395.0400085449219,76029700
2022-09-01,396.4200134277344,392.8900146484375,396.7799987792969,390.0400085449219,78740100
2022-09-02,392.239990234375,400.2799987792969,401.55999755859375,390.3299865722656,99632100
2022-09-06,390.760009765625,393.1300048828125,394.1199951171875,388.4200134277344,76637400
2022-09-07,397.7799987792969,390.42999267578125,398.5899963378906,390.20001220703125,70964200
2022-09-08,400.3800048828125,395.3900146484375,400.8599853515625,394.1199951171875,80821700
2022-09-09,406.6000061035156,402.739990234375,407.510009765625,402.4599914550781,76706900
2022-09-12,410.9700012207031,408.7799987792969,411.7300109863281,408.4599914550781,69256300
2022-09-13,393.1000061035156,401.8299865722656,403.1000061035156,391.9200134277344,122947100
2022-09-14,394.6000061035156,394.4700012207031,396.20001220703125,391.1199951171875,85023700
2022-09-15,390.1199951171875,392.9599914550781,395.9599914550781,388.7799987792969,87633800
2022-09-16,385.55999755859375,384.1400146484375,386.25,382.1099853515625,103084800
2022-09-19,388.54998779296875,382.260009765625,388.54998779296875,382.17999267578125,73278500
2022-09-20,384.0899963378906,385.05999755859375,386.1199951171875,381.20001220703125,77274900
2022-09-21,377.3900146484375,386.1099853515625,389.30999755859375,377.3800048828125,106746600
2022-09-22,374.2200012207031,376.5799865722656,378.29998779296875,373.44000244140625,89472600
2022-09-23,367.95001220703125,370.5799865722656,370.6199951171875,363.2900085449219,122346900
2022-09-26,364.30999755859375,366.4100036621094,370.2099914550781,363.0299987792969,92581200
2022-09-27,363.3800048828125,368.0199890136719,370.3999938964844,360.8699951171875,108294100
2022-09-28,370.5299987792969,364.3800048828125,372.29998779296875,362.6000061035156,110802200
2022-09-29,362.7900085449219,366.80999755859375,367.1099853515625,359.70001220703125,112952300
2022-09-30,357.17999267578125,361.79998779296875,365.9100036621094,357.0400085449219,153711200
2022-10-03,366.6099853515625,361.0799865722656,368.54998779296875,359.2099914550781,89756500
2022-10-04,377.9700012207031,372.3999938964844,378.0,366.57000732421875,103602800
2022-10-05,377.0899963378906,373.3900146484375,379.4599914550781,370.95001220703125,88065700
2022-10-06,373.20001220703125,375.6199951171875,378.7200012207031,372.67999267578125,82333500
2022-10-07,362.7900085449219,368.9700012207031,373.2900085449219,360.94000244140625,107789500
2022-10-10,360.0199890136719,363.9599914550781,364.2099914550781,357.6700134277344,76042800
2022-10-11,357.739990234375,358.239990234375,363.0299987792969,355.7099914550781,92482800
2022-10-12,356.55999755859375,358.1700134277344,359.82000732421875,356.29998779296875,76991800
2022-10-13,365.9700012207031,349.2099914550781,367.510009765625,348.1099853515625,147254500
2022-10-14,357.6300048828125,368.54998779296875,370.260009765625,356.9599914550781,123737000
2022-10-17,366.82000732421875,364.010009765625,367.9800109863281,357.2799987792969,93168200
2022-10-18,371.1300048828125,375.1300048828125,375.45001220703125,367.5199890136719,97162900
2022-10-19,368.5,368.989990234375,371.8500061035156,365.54998779296875,79746900
2022-10-20,365.4100036621094,368.0299987792969,372.6700134277344,364.6099853515625,88283100
2022-10-21,374.2900085449219,365.1199951171875,374.79998779296875,363.5400085449219,131038400
2022-10-24,378.8699951171875,375.8900146484375,380.05999755859375,373.1099853515625,85436900
2022-10-25,384.9200134277344,378.7900085449219,385.25,378.6700134277344,78846300
2022-10-26,382.0199890136719,381.6199951171875,387.5799865722656,381.3500061035156,104087300
2022-10-27,379.9800109863281,383.07000732421875,385.0,379.3299865722656,81971800
2022-10-28,389.0199890136719,379.8699951171875,389.5199890136719,379.67999267578125,100302000
2022-10-31,386.2099914550781,386.44000244140625,388.3999938964844,385.260009765625,96631300
2022-11-01,384.5199890136719,390.1400146484375,390.3900146484375,383.2900085449219,85407600
2022-11-02,374.8699951171875,383.8999938964844,388.6300048828125,374.760009765625,126990400
2022-11-03,371.010009765625,371.4700012207031,374.20001220703125,368.7900085449219,87100100
2022-11-04,376.3500061035156,377.0,378.8699951171875,370.0,103505200
2022-11-07,379.95001220703125,377.7099914550781,380.57000732421875,375.5299987792969,68286900
2022-11-08,382.0,381.1099853515625,385.1199951171875,377.7200012207031,84641100
2022-11-09,374.1300048828125,379.92999267578125,381.1400146484375,373.6099853515625,78495500
2022-11-10,394.69000244140625,388.04998779296875,395.0400085449219,385.6400146484375,141455800
2022-11-11,398.510009765625,395.5899963378906,399.3500061035156,393.6099853515625,93839900
2022-11-14,395.1199951171875,396.6600036621094,400.17999267578125,394.8299865722656,71903500
2022-11-15,398.489990234375,401.1499938964844,402.30999755859375,394.489990234375,93194500
2022-11-16,395.45001220703125,396.7799987792969,397.7799987792969,394.7900085449219,68508500
2022-11-17,394.239990234375,390.4599914550781,394.95001220703125,390.1400146484375,74496300
2022-11-18,396.0299987792969,397.739990234375,397.80999755859375,393.0400085449219,92922500
2022-11-21,394.5899963378906,394.6400146484375,395.82000732421875,392.6600036621094,51243200
2022-11-22,399.8999938964844,396.6300048828125,400.07000732421875,395.1499938964844,60429000
2022-11-23,402.4200134277344,399.54998779296875,402.92999267578125,399.30999755859375,68261600
2022-11-25,402.3299865722656,401.8299865722656,402.9100036621094,401.5400085449219,30545400
2022-11-28,395.9100036621094,399.0899963378906,400.80999755859375,395.1099853515625,67881600
2022-11-29,395.2300109863281,396.04998779296875,397.29998779296875,393.29998779296875,52310000
2022-11-30,407.67999267578125,395.489990234375,407.67999267578125,393.4800109863281,144566700
2022-12-01,407.3800048828125,408.7699890136719,410.0,404.75,76398200
2022-12-02,406.9100036621094,402.25,407.8599853515625,402.1400146484375,85342700
2022-12-05,399.5899963378906,403.95001220703125,404.92999267578125,398.1700134277344,77289800
2022-12-06,393.8299865722656,399.4200134277344,399.989990234375,391.6400146484375,77972200
2022-12-07,393.1600036621094,392.94000244140625,395.6400146484375,391.9700012207031,65927900
2022-12-08,396.239990234375,395.1400146484375,397.3599853515625,393.2699890136719,60737900
2022-12-09,393.2799987792969,394.94000244140625,397.6199951171875,393.1499938964844,81447700
2022-12-12,398.95001220703125,394.1099853515625,398.95001220703125,393.4100036621094,75405800
2022-12-13,401.9700012207031,410.2200012207031,410.489990234375,399.07000732421875,123782500
2022-12-14,399.3999938964844,401.6099853515625,405.5,396.30999755859375,108111300
2022-12-15,389.6300048828125,394.29998779296875,395.25,387.8900146484375,117705900
2022-12-16,383.2699890136719,385.17999267578125,386.5799865722656,381.0400085449219,119858000
2022-12-19,380.0199890136719,383.4700012207031,383.82000732421875,378.2799987792969,79878100
2022-12-20,380.5400085449219,379.2300109863281,382.2300109863281,377.8500061035156,74427200
2022-12-21,386.2300109863281,383.25,387.4100036621094,382.69000244140625,78167400
2022-12-22,380.7200012207031,383.04998779296875,386.2099914550781,374.7699890136719,100120900
2022-12-23,382.9100036621094,379.6499938964844,383.05999755859375,378.0299987792969,59857300
2022-12-27,381.3999938964844,382.7900085449219,383.1499938964844,379.6499938964844,51638200
2022-12-28,376.6600036621094,381.3299865722656,383.3900146484375,376.4200134277344,70911500
2022-12-29,383.44000244140625,379.6300048828125,384.3500061035156,379.0799865722656,66970900
2022-12-30,382.42999267578125,380.6400146484375,382.5799865722656,378.42999267578125,84022200
2023-01-03,380.82000732421875,384.3699951171875,386.42999267578125,377.8299865722656,74850700
2023-01-04,383.760009765625,383.17999267578125,385.8800048828125,380.0,85934100
2023-01-05,379.3800048828125,381.7200012207031,381.8399963378906,378.760009765625,76970500
2023-01-06,388.0799865722656,382.6099853515625,389.25,379.4100036621094,104189600
2023-01-09,387.8599853515625,390.3699951171875,393.70001220703125,387.6700134277344,73978100
2023-01-10,390.5799865722656,387.25,390.6499938964844,386.2699890136719,65358100
2023-01-11,395.5199890136719,392.2300109863281,395.6000061035156,391.3800048828125,68881100
2023-01-12,396.9599914550781,396.6700134277344,398.489990234375,392.4200134277344,90157700
2023-01-13,398.5,393.6199951171875,399.1000061035156,393.3399963378906,63903900
2023-01-17,397.7699890136719,398.4800109863281,400.2300109863281,397.05999755859375,62677300
2023-01-18,391.489990234375,399.010009765625,400.1199951171875,391.2799987792969,99632300
2023-01-19,388.6400146484375,389.3599853515625,391.0799865722656,387.260009765625,86958900
2023-01-20,395.8800048828125,390.1000061035156,396.0400085449219,388.3800048828125,91806400
2023-01-23,400.6300048828125,396.7200012207031,402.6499938964844,395.7200012207031,84178800
2023-01-24,400.20001220703125,398.8800048828125,401.1499938964844,397.6400146484375,59524900
2023-01-25,400.3500061035156,395.95001220703125,400.70001220703125,393.55999755859375,84800300
2023-01-26,404.75,403.1300048828125,404.9200134277344,400.0299987792969,72287400
2023-01-27,405.67999267578125,403.6600036621094,408.1600036621094,403.44000244140625,68346200
2023-01-30,400.5899963378906,402.79998779296875,405.1300048828125,400.2799987792969,74202000
2023-01-31,406.4800109863281,401.1300048828125,406.5299987792969,400.7699890136719,86811800
2023-02-01,410.79998779296875,405.2099914550781,413.6700134277344,402.3500061035156,101459200
2023-02-02,416.7799987792969,414.8599853515625,418.30999755859375,412.8800048828125,101654500
2023-02-03,412.3500061035156,411.5899963378906,416.9700012207031,411.0899963378906,94736800
2023-02-06,409.8299865722656,409.7900085449219,411.2900085449219,408.1000061035156,60295300
2023-02-07,415.19000244140625,408.8699951171875,416.489990234375,407.57000732421875,90990700
2023-02-08,410.6499938964844,413.1300048828125,414.5299987792969,409.92999267578125,76227500
2023-02-09,407.0899963378906,414.4100036621094,414.57000732421875,405.80999755859375,78694900
2023-02-10,408.0400085449219,405.8599853515625,408.44000244140625,405.010009765625,70769700
2023-02-13,412.8299865722656,408.7200012207031,412.9700012207031,408.239990234375,64913500
2023-02-14,412.6400146484375,411.239990234375,415.04998779296875,408.510009765625,88389300
2023-02-15,413.9800109863281,410.3500061035156,414.05999755859375,409.4700012207031,61555700
2023-02-16,408.2799987792969,408.7900085449219,412.9100036621094,408.1400146484375,76431500
2023-02-17,407.260009765625,406.05999755859375,407.510009765625,404.04998779296875,89257800
2023-02-21,399.0899963378906,403.05999755859375,404.1600036621094,398.82000732421875,82655900
2023-02-22,398.5400085449219,399.5199890136719,401.1300048828125,397.0199890136719,83742300
2023-02-23,400.6600036621094,401.55999755859375,402.20001220703125,396.25,96242400
2023-02-24,396.3800048828125,395.4200134277344,397.25,393.6400146484375,108194400
2023-02-27,397.7300109863281,399.8699951171875,401.2900085449219,396.75,80444700
2023-02-28,396.260009765625,397.2300109863281,399.2799987792969,396.1499938964844,96438600
2023-03-01,394.739990234375,395.4100036621094,396.69000244140625,393.3800048828125,99706800
2023-03-02,397.80999755859375,392.67999267578125,398.69000244140625,392.3299865722656,85127800
2023-03-03,404.19000244140625,399.7099914550781,404.45001220703125,399.0299987792969,90120000
2023-03-06,404.4700012207031,405.04998779296875,407.45001220703125,404.010009765625,72795900
2023-03-07,398.2699890136719,404.4200134277344,404.6700134277344,397.6300048828125,108310600
2023-03-08,398.9200134277344,398.3900146484375,399.7099914550781,396.5899963378906,74746600
2023-03-09,391.55999755859375,399.739990234375,401.4800109863281,390.5299987792969,111945300
2023-03-10,385.9100036621094,390.989990234375,393.1600036621094,384.32000732421875,189253000
2023-03-13,385.3599853515625,381.80999755859375,390.3900146484375,380.6499938964844,157790000
2023-03-14,391.7300109863281,390.5,393.45001220703125,387.04998779296875,149752400
2023-03-15,389.2799987792969,385.8900146484375,389.489990234375,383.7099914550781,172996900
2023-03-16,396.1099853515625,386.82000732421875,396.4700012207031,386.2900085449219,143254200
2023-03-17,389.989990234375,393.2200012207031,394.3999938964844,388.54998779296875,140553400
2023-03-20,393.739990234375,390.79998779296875,394.1700134277344,390.07000732421875,93055800
2023-03-21,398.9100036621094,397.239990234375,399.4100036621094,395.5799865722656,91524200
2023-03-22,392.1099853515625,398.7300109863281,402.489990234375,392.07000732421875,111746600
2023-03-23,393.1700134277344,395.0899963378906,399.2900085449219,390.3500061035156,119351300
2023-03-24,395.75,391.8399963378906,395.8399963378906,389.3999938964844,107682400
2023-03-27,396.489990234375,398.1199951171875,398.9200134277344,395.55999755859375,74010400
2023-03-28,395.6000061035156,395.7699890136719,396.489990234375,393.69000244140625,62871700
2023-03-29,401.3500061035156,399.92999267578125,401.6000061035156,398.67999267578125,77497900
2023-03-30,403.70001220703125,404.0899963378906,404.3500061035156,401.760009765625,69840000
2023-03-31,409.3900146484375,404.6600036621094,409.70001220703125,404.54998779296875,112062600
2023-04-03,410.95001220703125,408.8500061035156,411.3699951171875,408.44000244140625,67391100
2023-04-04,408.6700134277344,411.6199951171875,411.9200134277344,407.239990234375,66601500
2023-04-05,407.6000061035156,407.9100036621094,408.70001220703125,405.8800048828125,65200200
2023-04-06,409.19000244140625,406.7699890136719,409.4800109863281,405.67999267578125,63743300
2023-04-10,409.6099853515625,406.6099853515625,409.69000244140625,405.9700012207031,63681000
2023-04-11,409.7200012207031,410.260009765625,411.17999267578125,408.9200134277344,59297900
2023-04-12,408.04998779296875,411.8699951171875,412.1700134277344,407.44000244140625,86420400
2023-04-13,413.4700012207031,409.17999267578125,413.8399963378906,407.989990234375,85814800
2023-04-14,412.4599914550781,412.80999755859375,415.0899963378906,410.05999755859375,78161500
2023-04-17,413.94000244140625,412.3699951171875,413.9599914550781,411.0899963378906,66436400
2023-04-18,414.2099914550781,415.5799865722656,415.7200012207031,412.7799987792969,63560000
2023-04-19,414.1400146484375,412.2200012207031,415.0799865722656,412.1600036621094,55227300
2023-04-20,411.8800048828125,411.2099914550781,413.70001220703125,410.2699890136719,75840400
2023-04-21,412.20001220703125,412.19000244140625,412.67999267578125,410.1700134277344,73457400
2023-04-24,412.6300048828125,411.989990234375,413.07000732421875,410.6000061035156,64332100
2023-04-25,406.0799865722656,410.5799865722656,411.1600036621094,406.0199890136719,97766700
2023-04-26,404.3599853515625,406.7200012207031,407.8399963378906,403.7799987792969,80447000
2023-04-27,412.4100036621094,407.0,412.69000244140625,406.739990234375,92968400
2023-04-28,415.92999267578125,411.489990234375,415.94000244140625,411.42999267578125,89433100
2023-05-01,415.510009765625,415.4700012207031,417.6199951171875,415.2699890136719,62122300
2023-05-02,410.8399963378906,414.7699890136719,414.82000732421875,407.82000732421875,103998500
2023-05-03,408.0199890136719,411.3599853515625,413.8699951171875,407.7699890136719,91531800
2023-05-04,405.1300048828125,406.92999267578125,407.2699890136719,403.739990234375,94901900
2023-05-05,412.6300048828125,408.9100036621094,413.7200012207031,408.6400146484375,87891800
2023-05-08,412.739990234375,412.9700012207031,413.239990234375,411.2799987792969,50046800
2023-05-09,410.92999267578125,411.1300048828125,412.0899963378906,410.69000244140625,49220100
2023-05-10,412.8500061035156,413.8800048828125,414.5400085449219,408.8699951171875,96142900
2023-05-11,412.1300048828125,411.95001220703125,412.42999267578125,409.9700012207031,70157100
2023-05-12,411.5899963378906,413.4200134277344,413.6400146484375,409.07000732421875,70481500
2023-05-15,413.010009765625,412.2200012207031,413.42999267578125,410.2300109863281,54289400
2023-05-16,410.25,411.8599853515625,412.82000732421875,410.239990234375,57705500
2023-05-17,415.2300109863281,412.3500061035156,415.8599853515625,410.6400146484375,87287000
2023-05-18,419.2300109863281,414.8999938964844,419.6700134277344,414.6700134277344,97177200
2023-05-19,418.6199951171875,420.1700134277344,420.7200012207031,417.3500061035156,103793300
2023-05-22,418.7900085449219,418.6400146484375,420.3900146484375,417.3500061035156,60745400
2023-05-23,414.0899963378906,417.0799865722656,418.7200012207031,413.67999267578125,86383500
2023-05-24,411.0899963378906,412.4200134277344,412.82000732421875,409.8800048828125,89213700
2023-05-25,414.6499938964844,414.739990234375,416.1600036621094,412.4100036621094,90961600
2023-05-26,420.0199890136719,415.3299865722656,420.7699890136719,415.25,93830000
2023-05-30,420.17999267578125,422.0299987792969,422.5799865722656,418.739990234375,72216000
2023-05-31,417.8500061035156,418.2799987792969,419.2200012207031,416.2200012207031,110811800
2023-06-01,421.82000732421875,418.0899963378906,422.9200134277344,416.7900085449219,88865000
2023-06-02,427.9200134277344,424.5,428.739990234375,423.95001220703125,91426200
2023-06-05,427.1000061035156,428.2799987792969,429.6199951171875,426.3699951171875,65460200
2023-06-06,428.0299987792969,426.6700134277344,428.5799865722656,425.989990234375,64022200
2023-06-07,426.54998779296875,428.44000244140625,429.6199951171875,426.1099853515625,85373300
2023-06-08,429.1300048828125,426.6199951171875,429.6000061035156,425.82000732421875,61952800
2023-06-09,429.8999938964844,429.9599914550781,431.989990234375,428.8699951171875,85742800
2023-06-12,433.79998779296875,430.9200134277344,433.8800048828125,430.1700134277344,76104300
2023-06-13,436.6600036621094,435.32000732421875,437.3299865722656,434.6300048828125,95899700
2023-06-14,437.17999267578125,437.010009765625,439.05999755859375,433.5899963378906,100612100
2023-06-15,442.6000061035156,436.3299865722656,443.8999938964844,436.2300109863281,110303100
2023-06-16,439.4599914550781,443.0199890136719,443.6099853515625,438.9700012207031,114165800
2023-06-20,437.17999267578125,437.45001220703125,438.3699951171875,435.0299987792969,76160400
2023-06-21,434.94000244140625,436.1600036621094,436.989990234375,434.3299865722656,76982300
2023-06-22,436.510009765625,433.95001220703125,436.6199951171875,433.6000061035156,70637200
2023-06-23,433.2099914550781,432.92999267578125,435.05999755859375,432.4700012207031,92074500
2023-06-26,431.44000244140625,432.6199951171875,434.6099853515625,431.19000244140625,72823600
2023-06-27,436.1700134277344,432.3500061035156,436.80999755859375,431.8800048828125,72813700
2023-06-28,436.3900146484375,435.04998779296875,437.44000244140625,434.4100036621094,75636000
2023-06-29,438.1099853515625,435.9599914550781,438.2799987792969,435.5400085449219,67882300
2023-06-30,443.2799987792969,441.44000244140625,444.29998779296875,441.1099853515625,104964000
2023-07-03,443.7900085449219,442.9200134277344,444.0799865722656,442.6300048828125,32793400
2023-07-05,443.1300048828125,441.9100036621094,443.8900146484375,441.8999938964844,58418400
2023-07-06,439.6600036621094,439.4200134277344,440.1000061035156,437.05999755859375,80658300
2023-07-07,438.54998779296875,438.6300048828125,442.6400146484375,438.29998779296875,86134200
2023-07-10,439.6600036621094,438.17999267578125,439.8399963378906,437.5899963378906,62443500
2023-07-11,442.4599914550781,440.45001220703125,442.9700012207031,439.44000244140625,64463800
2023-07-12,446.0199890136719,446.3900146484375,447.4800109863281,444.9100036621094,91924500
2023-07-13,449.55999755859375,447.8999938964844,450.3800048828125,447.45001220703125,72425200
2023-07-14,449.2799987792969,450.4800109863281,451.3599853515625,448.489990234375,69815800
2023-07-17,450.8399963378906,449.1300048828125,451.92999267578125,449.0799865722656,52680200
2023-07-18,454.19000244140625,450.5,454.8599853515625,450.04998779296875,80668200
2023-07-19,455.20001220703125,455.010009765625,456.42999267578125,454.1099853515625,65891700
2023-07-20,452.17999267578125,454.1700134277344,455.1000061035156,451.44000244140625,70591600
2023-07-21,452.17999267578125,453.9599914550781,454.1700134277344,452.1700134277344,71275600
2023-07-24,454.20001220703125,453.3699951171875,455.0400085449219,452.29998779296875,54023400
2023-07-25,455.44000244140625,453.9200134277344,456.739990234375,453.8699951171875,55191200
2023-07-26,455.510009765625,454.4700012207031,456.989990234375,453.3800048828125,71052900
2023-07-27,452.489990234375,459.0199890136719,459.44000244140625,451.54998779296875,92194400
2023-07-28,456.9200134277344,455.8800048828125,457.7799987792969,452.489990234375,80011800
2023-07-31,457.7900085449219,457.4100036621094,458.1600036621094,456.04998779296875,62040400
2023-08-01,456.4800109863281,456.2699890136719,457.25,455.489990234375,55291500
2023-08-02,450.1300048828125,453.25,453.5199890136719,449.3500061035156,93933400
2023-08-03,448.8399963378906,448.0400085449219,450.7900085449219,447.3699951171875,64276100
2023-08-04,446.80999755859375,450.7200012207031,452.8999938964844,446.2699890136719,100128900
2023-08-07,450.7099914550781,448.7099914550781,450.8699951171875,447.989990234375,58357500
2023-08-08,448.75,448.0799865722656,450.70001220703125,445.2699890136719,71361300
2023-08-09,445.75,449.0299987792969,449.20001220703125,444.9599914550781,78789600
2023-08-10,445.9100036621094,448.19000244140625,451.70001220703125,444.70001220703125,93005500
2023-08-11,445.6499938964844,443.9700012207031,446.70001220703125,443.3500061035156,68690900
2023-08-14,448.1099853515625,444.70001220703125,448.1099853515625,444.3800048828125,47867400
2023-08-15,442.8900146484375,446.2699890136719,446.6400146484375,442.29998779296875,75707500
2023-08-16,439.6400146484375,442.4599914550781,444.17999267578125,439.5299987792969,80107200
2023-08-17,436.2900085449219,441.1600036621094,441.42999267578125,435.75,95711300
2023-08-18,436.5,433.3699951171875,437.57000732421875,433.010009765625,98852000
2023-08-21,439.3399963378906,437.54998779296875,440.1099853515625,435.32000732421875,68719000
2023-08-22,438.1499938964844,441.17999267578125,441.17999267578125,437.57000732421875,64994200
2023-08-23,443.0299987792969,439.25,443.6700134277344,439.1000061035156,68441000
2023-08-24,436.8900146484375,444.69000244140625,445.2200012207031,436.8599853515625,88517300
2023-08-25,439.9700012207031,438.67999267578125,441.29998779296875,435.0,102325100
2023-08-28,442.760009765625,442.239990234375,443.3999938964844,439.9700012207031,61595400
2023-08-29,449.1600036621094,442.6499938964844,449.45001220703125,442.4599914550781,83081900
2023-08-30,451.010009765625,449.510009765625,451.6700134277344,448.7799987792969,69053900
2023-08-31,450.3500061035156,451.6499938964844,452.8299865722656,450.1600036621094,66084600
2023-09-01,451.19000244140625,453.1700134277344,453.6700134277344,449.67999267578125,58944100
2023-09-05,449.239990234375,450.7300109863281,451.05999755859375,449.1700134277344,55166200
2023-09-06,446.2200012207031,448.3999938964844,448.510009765625,443.80999755859375,70758500
2023-09-07,444.8500061035156,443.1099853515625,445.54998779296875,442.75,70355400
2023-09-08,445.5199890136719,444.8999938964844,447.1099853515625,444.5299987792969,61659700
2023-09-11,448.45001220703125,448.239990234375,448.7699890136719,446.4700012207031,60180100
2023-09-12,445.989990234375,446.95001220703125,448.5299987792969,445.3900146484375,67565400
2023-09-13,446.510009765625,446.2200012207031,447.7099914550781,445.0799865722656,60199300
2023-09-14,450.3599853515625,449.07000732421875,451.0799865722656,447.7200012207031,83430800
2023-09-15,443.3699951171875,447.1400146484375,447.4800109863281,442.9200134277344,111848900
2023-09-18,443.6300048828125,443.04998779296875,444.9700012207031,442.55999755859375,55752200
2023-09-19,442.7099914550781,442.67999267578125,443.2900085449219,439.94000244140625,66514600
2023-09-20,438.6400146484375,444.010009765625,444.44000244140625,438.42999267578125,82562600
2023-09-21,431.3900146484375,435.70001220703125,435.9700012207031,431.2300109863281,104095800
2023-09-22,430.4200134277344,432.45001220703125,434.1000061035156,429.989990234375,100829700
2023-09-25,432.2300109863281,429.1700134277344,432.2699890136719,428.7200012207031,70874500
2023-09-26,425.8800048828125,429.0899963378906,429.82000732421875,425.0199890136719,96168400
2023-09-27,426.04998779296875,427.0899963378906,427.6700134277344,422.2900085449219,104705800
2023-09-28,428.5199890136719,425.4800109863281,430.25,424.8699951171875,92258300
2023-09-29,427.4800109863281,431.6700134277344,431.8500061035156,425.9100036621094,115111300
2023-10-02,427.30999755859375,426.6199951171875,428.6000061035156,424.4599914550781,83798600
2023-10-03,421.5899963378906,425.05999755859375,427.3699951171875,420.17999267578125,103760600
2023-10-04,424.6600036621094,422.07000732421875,425.42999267578125,420.55999755859375,87453000
2023-10-05,424.5,424.3599853515625,425.3699951171875,421.1700134277344,70142700
2023-10-06,429.5400085449219,421.9700012207031,431.1300048828125,420.6000061035156,113273300
2023-10-09,432.2900085449219,427.5799865722656,432.8800048828125,427.010009765625,80374400
2023-10-10,434.5400085449219,432.94000244140625,437.2200012207031,432.5299987792969,78607300
2023-10-11,436.32000732421875,435.6400146484375,436.5799865722656,433.17999267578125,62451700
2023-10-12,433.6600036621094,436.95001220703125,437.3399963378906,431.2300109863281,81154200
2023-10-13,431.5,435.2099914550781,436.45001220703125,429.8800048828125,95143100
2023-10-16,436.0400085449219,433.82000732421875,437.1400146484375,433.57000732421875,75433200
2023-10-17,436.0199890136719,432.80999755859375,438.1400146484375,432.45001220703125,75324700
2023-10-18,430.2099914550781,434.19000244140625,435.17999267578125,429.0899963378906,93559800
2023-10-19,426.42999267578125,430.95001220703125,432.82000732421875,425.7300109863281,121323000
2023-10-20,421.19000244140625,425.9800109863281,426.5400085449219,421.0799865722656,123919900
2023-10-23,420.4599914550781,419.6099853515625,424.45001220703125,417.79998779296875,92035100
2023-10-24,423.6300048828125,422.6499938964844,424.82000732421875,420.739990234375,78564200
2023-10-25,417.54998779296875,421.8900146484375,421.9200134277344,417.0199890136719,94223200
2023-10-26,412.54998779296875,416.45001220703125,417.3299865722656,411.6000061035156,115156800
2023-10-27,410.67999267578125,414.19000244140625,414.6000061035156,409.2099914550781,107367700
2023-10-30,415.5899963378906,413.55999755859375,416.67999267578125,412.2200012207031,86562700
2023-10-31,418.20001220703125,416.17999267578125,418.5299987792969,414.2099914550781,79665200
2023-11-01,422.6600036621094,419.20001220703125,423.5,418.6499938964844,98068100
2023-11-02,430.760009765625,426.5799865722656,430.9200134277344,426.55999755859375,94938900
2023-11-03,434.69000244140625,433.1400146484375,436.2900085449219,433.010009765625,100167800
2023-11-06,435.69000244140625,435.4700012207031,436.1499938964844,433.67999267578125,67831700
2023-11-07,436.92999267578125,435.69000244140625,437.5899963378906,434.510009765625,64256100
2023-11-08,437.25,437.54998779296875,438.0899963378906,434.8699951171875,61746000
2023-11-09,433.8399963378906,438.42999267578125,438.4700012207031,433.3999938964844,83174400
2023-11-10,440.6099853515625,435.9800109863281,440.92999267578125,433.8299865722656,89462200
2023-11-13,440.19000244140625,439.2300109863281,441.3299865722656,438.4200134277344,52236100
2023-11-14,448.7300109863281,446.32000732421875,450.05999755859375,446.0899963378906,97176900
2023-11-15,449.67999267578125,450.1099853515625,451.3800048828125,448.79998779296875,77327600
2023-11-16,450.2300109863281,449.2200012207031,450.55999755859375,448.1199951171875,66665800
2023-11-17,450.7900085449219,450.239990234375,451.4200134277344,449.2900085449219,83133200
2023-11-20,454.260009765625,450.5299987792969,455.1300048828125,450.5199890136719,69936200
2023-11-21,453.2699890136719,453.17999267578125,454.1300048828125,451.9599914550781,49244600
2023-11-22,455.0199890136719,454.9800109863281,456.3800048828125,453.8900146484375,59394900
2023-11-24,455.29998779296875,455.07000732421875,455.5,454.7300109863281,29737400
2023-11-27,454.4800109863281,454.6499938964844,455.489990234375,454.0799865722656,50506000
2023-11-28,454.92999267578125,454.0799865722656,456.2699890136719,453.5,62115000
2023-11-29,454.6099853515625,457.1499938964844,458.32000732421875,454.20001220703125,63146000
2023-11-30,456.3999938964844,455.4800109863281,456.760009765625,453.3399963378906,79752700
2023-12-01,459.1000061035156,455.7699890136719,459.6499938964844,455.1600036621094,89183400
2023-12-04,456.69000244140625,455.6000061035156,459.1199951171875,454.3399963378906,72430900
2023-12-05,456.6000061035156,455.260009765625,457.5899963378906,454.8699951171875,69793500
2023-12-06,454.760009765625,458.80999755859375,458.8399963378906,454.30999755859375,69124700
2023-12-07,458.2300109863281,456.9100036621094,458.8999938964844,456.2900085449219,66995400
2023-12-08,460.20001220703125,457.4599914550781,460.75,457.2099914550781,83194400
2023-12-11,461.989990234375,459.69000244140625,462.1700134277344,459.4700012207031,65002200
2023-12-12,464.1000061035156,461.6300048828125,464.20001220703125,460.6000061035156,68327600
2023-12-13,470.5,464.489990234375,470.760009765625,464.1199951171875,93278000
2023-12-14,472.010009765625,472.5,473.7300109863281,469.25,119026000
2023-12-15,469.3299865722656,469.489990234375,470.70001220703125,467.42999267578125,141553700
2023-12-18,471.9700012207031,470.9800109863281,472.9800109863281,469.8900146484375,70375300
2023-12-19,474.8399963378906,472.5299987792969,474.9200134277344,472.45001220703125,55761800
2023-12-20,468.260009765625,473.9599914550781,475.8999938964844,467.82000732421875,102921000
2023-12-21,472.70001220703125,471.3299865722656,472.9800109863281,468.8399963378906,86667500
2023-12-22,473.6499938964844,473.8599853515625,475.3800048828125,471.70001220703125,67160400
2023-12-26,475.6499938964844,474.07000732421875,476.5799865722656,473.989990234375,55387000
2023-12-27,476.510009765625,475.44000244140625,476.6600036621094,474.8900146484375,68000300
2023-12-28,476.69000244140625,476.8800048828125,477.54998779296875,476.260009765625,77158100
2023-12-29,475.30999755859375,476.489990234375,477.0299987792969,473.29998779296875,122283100
2024-01-02,472.6499938964844,472.1600036621094,473.6700134277344,470.489990234375,123623700
2024-01-03,468.7900085449219,470.42999267578125,471.19000244140625,468.1700134277344,103585900
2024-01-04,467.2799987792969,468.29998779296875,470.9599914550781,467.04998779296875,84232200
2024-01-05,467.9200134277344,467.489990234375,470.44000244140625,466.42999267578125,86118900
2024-01-08,474.6000061035156,468.42999267578125,474.75,468.29998779296875,74879100
2024-01-09,473.8800048828125,471.8699951171875,474.92999267578125,471.3500061035156,65931400
2024-01-10,476.55999755859375,474.1600036621094,477.45001220703125,473.8699951171875,67310600
2024-01-11,476.3500061035156,477.5899963378906,478.1199951171875,472.260009765625,77940700
2024-01-12,476.67999267578125,477.8399963378906,478.6000061035156,475.2300109863281,58026400
2024-01-16,474.92999267578125,475.260009765625,476.6099853515625,473.05999755859375,85014900
2024-01-17,472.2900085449219,471.82000732421875,472.7900085449219,469.8699951171875,68843900
2024-01-18,476.489990234375,474.010009765625,477.05999755859375,472.4200134277344,91856200
2024-01-19,482.42999267578125,477.6499938964844,482.7200012207031,476.5400085449219,110834500
2024-01-22,483.45001220703125,484.010009765625,485.2200012207031,482.7799987792969,75844900
2024-01-23,484.8599853515625,484.010009765625,485.1099853515625,482.8900146484375,49945300
2024-01-24,485.3900146484375,487.80999755859375,488.7699890136719,484.8800048828125,81765000
2024-01-25,488.0299987792969,487.5799865722656,488.30999755859375,485.3900146484375,72525000
2024-01-26,487.4100036621094,487.5899963378906,489.1199951171875,486.5400085449219,76641600
2024-01-29,491.2699890136719,487.7300109863281,491.4200134277344,487.1700134277344,61322800
2024-01-30,490.8900146484375,490.55999755859375,491.6199951171875,490.1099853515625,58618400
2024-01-31,482.8800048828125,488.6199951171875,489.0799865722656,482.8599853515625,126011100
2024-02-01,489.20001220703125,484.6300048828125,489.2300109863281,483.79998779296875,91891600
2024-02-02,494.3500061035156,489.6499938964844,496.04998779296875,489.29998779296875,99228200
2024-02-05,492.54998779296875,493.70001220703125,494.3800048828125,490.2300109863281,75757100
2024-02-06,493.9800109863281,493.5199890136719,494.32000732421875,492.04998779296875,55918600
2024-02-07,498.1000061035156,496.2900085449219,498.5299987792969,495.3599853515625,70556500
2024-02-08,498.32000732421875,498.1000061035156,498.7099914550781,497.260009765625,52343600
2024-02-09,501.20001220703125,498.8399963378906,501.6499938964844,498.489990234375,63979400
2024-02-12,500.9800109863281,501.1700134277344,503.5,500.239990234375,56502300
2024-02-13,494.0799865722656,494.5299987792969,497.0899963378906,490.7200012207031,113099200
2024-02-14,498.57000732421875,496.7900085449219,499.07000732421875,494.3999938964844,68387800
2024-02-15,502.010009765625,499.2900085449219,502.20001220703125,498.79998779296875,61683000
2024-02-16,499.510009765625,501.70001220703125,502.8699951171875,498.75,75532900
2024-02-20,496.760009765625,497.7200012207031,498.4100036621094,494.45001220703125,71736700
2024-02-21,497.2099914550781,495.4200134277344,497.3699951171875,493.55999755859375,59293400
2024-02-22,507.5,504.010009765625,508.489990234375,503.0199890136719,76402500
2024-02-23,507.8500061035156,509.2699890136719,510.1300048828125,507.1000061035156,61321800
2024-02-26,505.989990234375,508.29998779296875,508.75,505.8599853515625,50386700
2024-02-27,506.92999267578125,506.70001220703125,507.1600036621094,504.75,48854500
2024-02-28,506.260009765625,505.3299865722656,506.8599853515625,504.9599914550781,56506600
2024-02-29,508.0799865722656,508.07000732421875,509.739990234375,505.3500061035156,83924800
2024-03-01,512.8499755859375,508.9800109863281,513.2899780273438,508.55999755859375,76844800
2024-03-04,512.2999877929688,512.030029296875,514.2000122070312,512.0,49799300
2024-03-05,507.17999267578125,510.239990234375,510.70001220703125,504.9100036621094,72855600
2024-03-06,509.75,510.54998779296875,512.0700073242188,508.4200134277344,68382400
2024-03-07,514.8099975585938,513.1400146484375,515.8900146484375,509.80999755859375,58652100
2024-03-08,511.7200012207031,515.4600219726562,518.219970703125,511.1300048828125,86532500
2024-03-11,511.2799987792969,510.4800109863281,511.8800048828125,508.5,62557200
2024-03-12,516.780029296875,513.4500122070312,517.3800048828125,510.8599853515625,73114400
2024-03-13,515.969970703125,517.1099853515625,517.2899780273438,514.489990234375,55104100
2024-03-14,514.9500122070312,516.969970703125,517.1300048828125,511.82000732421875,110171800
2024-03-15,509.8299865722656,510.2099914550781,511.70001220703125,508.1199951171875,107646300
2024-03-18,512.8599853515625,514.0,515.47998046875,512.4400024414062,88893300
2024-03-19,515.7100219726562,512.1500244140625,516.0,511.1199951171875,60755300
2024-03-20,520.47998046875,515.77001953125,520.6199951171875,515.0800170898438,69594600
2024-03-21,522.2000122070312,523.3900146484375,524.1099853515625,521.9099731445312,60256100
2024-03-22,521.2100219726562,522.1099853515625,522.6099853515625,520.969970703125,79070800
2024-03-25,519.77001953125,519.7999877929688,520.9500122070312,519.6099853515625,48512100
2024-03-26,518.8099975585938,521.22998046875,521.5800170898438,518.4000244140625,65463700
2024-03-27,523.1699829101562,521.7100219726562,523.2100219726562,519.489990234375,82999800
2024-03-28,523.0700073242188,523.2100219726562,524.6099853515625,522.780029296875,96294900
2024-04-01,522.1599731445312,523.8300170898438,524.3800048828125,520.969970703125,62477500
2024-04-02,518.8400268554688,518.239990234375,518.97998046875,516.47998046875,74230300
2024-04-03,519.4099731445312,517.719970703125,520.9500122070312,517.6699829101562,59155800
2024-04-04,513.0700073242188,523.52001953125,523.8699951171875,512.760009765625,96858100
2024-04-05,518.4299926757812,514.4600219726562,520.4400024414062,514.010009765625,74546500
2024-04-08,518.719970703125,519.1500244140625,520.1799926757812,517.8900146484375,48401800
2024-04-09,519.3200073242188,520.5,520.75,514.3499755859375,68049200
2024-04-10,514.1199951171875,513.47998046875,516.1599731445312,512.0900268554688,82652800
2024-04-11,518.0,515.6799926757812,519.47998046875,512.0800170898438,70099000
2024-04-12,510.8500061035156,514.3699951171875,515.8200073242188,509.0799865722656,92561100
2024-04-15,504.45001220703125,515.1300048828125,515.2999877929688,503.5799865722656,92101400
2024-04-16,503.5299987792969,504.94000244140625,506.5,502.2099914550781,73484000
2024-04-17,500.54998779296875,506.04998779296875,506.2200012207031,499.1199951171875,75910300
2024-04-18,499.5199890136719,501.9800109863281,504.1300048828125,498.55999755859375,74548100
2024-04-19,495.1600036621094,499.44000244140625,500.4599914550781,493.8599853515625,102212600
2024-04-22,499.7200012207031,497.8299865722656,502.3800048828125,495.42999267578125,67961000
2024-04-23,505.6499938964844,501.7799987792969,506.0899963378906,499.5299987792969,64633600
2024-04-24,505.4100036621094,506.55999755859375,507.3699951171875,503.1300048828125,55928100
2024-04-25,503.489990234375,499.17999267578125,504.2699890136719,497.489990234375,69122400
2024-04-26,508.260009765625,506.3500061035156,509.8800048828125,505.70001220703125,64306100
2024-04-29,510.05999755859375,510.0899963378906,510.75,507.25,46415400
2024-04-30,501.9800109863281,508.55999755859375,509.55999755859375,501.9800109863281,77483600
2024-05-01,500.3500061035156,501.3800048828125,508.19000244140625,499.8699951171875,80242800
2024-05-02,505.0299987792969,504.1499938964844,505.8900146484375,499.54998779296875,62550200
2024-05-03,511.2900085449219,511.1600036621094,512.5499877929688,508.55999755859375,72756700
2024-05-06,516.5700073242188,513.75,516.6099853515625,513.2999877929688,47264700
2024-05-07,517.1400146484375,517.5599975585938,518.5700073242188,516.4500122070312,52561300
2024-05-08,517.1900024414062,515.260009765625,517.739990234375,515.1400146484375,42047200
2024-05-09,520.1699829101562,517.3800048828125,520.2100219726562,516.7100219726562,43643700
2024-05-10,520.8400268554688,521.8099975585938,522.6400146484375,519.5900268554688,52233200
2024-05-13,520.9099731445312,522.5599975585938,522.6699829101562,519.739990234375,36716400
2024-05-14,523.2999877929688,521.1099853515625,523.8300170898438,520.5599975585938,57535900
2024-05-15,529.780029296875,525.8300170898438,530.0800170898438,525.1799926757812,59504900
2024-05-16,528.6900024414062,529.8800048828125,531.52001953125,528.5399780273438,50244800
2024-05-17,529.4500122070312,528.8099975585938,529.52001953125,527.3200073242188,59187600
2024-05-20,530.0599975585938,529.5700073242188,531.5599975585938,529.1699829101562,37764200
2024-05-21,531.3599853515625,529.280029296875,531.52001953125,529.0700073242188,33437000
2024-05-22,529.8300170898438,530.6500244140625,531.3800048828125,527.5999755859375,48390000
2024-05-23,525.9600219726562,532.9600219726562,533.0700073242188,524.719970703125,57211200
2024-05-24,529.4400024414062,527.8499755859375,530.27001953125,526.8800048828125,41291100
2024-05-28,529.8099975585938,530.27001953125,530.510009765625,527.1099853515625,36269600
2024-05-29,526.0999755859375,525.6799926757812,527.3099975585938,525.3699951171875,45190300
2024-05-30,522.6099853515625,524.52001953125,525.2000122070312,521.3300170898438,46377600
2024-05-31,527.3699951171875,523.5900268554688,527.5,518.3599853515625,90785800
2024-06-03,527.7999877929688,529.02001953125,529.3099975585938,522.5999755859375,46835700
2024-06-04,528.3900146484375,526.4600219726562,529.1500244140625,524.9600219726562,34632700
2024-06-05,534.6699829101562,530.77001953125,534.6900024414062,528.72998046875,47610400
2024-06-06,534.6599731445312,534.97998046875,535.4199829101562,532.6799926757812,30808500
2024-06-07,534.010009765625,533.6599731445312,536.8900146484375,532.5399780273438,43224500
2024-06-10,535.6599731445312,533.1799926757812,535.989990234375,532.5700073242188,35686100
2024-06-11,536.9500122070312,534.0700073242188,537.010009765625,532.0499877929688,36383400
2024-06-12,541.3599853515625,541.6300048828125,544.1199951171875,540.2999877929688,63251300
2024-06-13,542.4500122070312,543.1500244140625,543.3300170898438,539.5900268554688,44760900
2024-06-14,542.780029296875,540.8800048828125,542.8099975585938,539.8499755859375,40089900
2024-06-17,547.0999755859375,542.0800170898438,548.530029296875,541.6099853515625,55839500
2024-06-18,548.489990234375,547.1599731445312,548.6199951171875,546.72998046875,41376400
2024-06-20,547.0,549.4400024414062,550.1199951171875,545.1799926757812,70328200
2024-06-21,544.510009765625,544.4000244140625,545.6500244140625,543.02001953125,64338600
2024-06-24,542.739990234375,544.3300170898438,546.9500122070312,542.6199951171875,45528700
2024-06-25,544.8300170898438,543.989990234375,545.2000122070312,542.4400024414062,37936200
2024-06-26,545.510009765625,543.6900024414062,546.239990234375,543.030029296875,38550600
2024-06-27,546.3699951171875,545.3699951171875,546.9600219726562,544.6099853515625,35041500
2024-06-28,544.219970703125,547.1599731445312,550.280029296875,542.9500122070312,76144500
2024-07-01,545.3400268554688,545.6300048828125,545.8800048828125,542.52001953125,40297800
2024-07-02,549.010009765625,543.7000122070312,549.010009765625,543.6500244140625,40434800
2024-07-03,551.4600219726562,548.6900024414062,551.8300170898438,548.6500244140625,32789900
2024-07-05,554.6400146484375,551.77001953125,555.0499877929688,551.1199951171875,41488400
2024-07-08,555.280029296875,555.4400024414062,556.25,554.1900024414062,36110500
2024-07-09,555.8200073242188,556.260009765625,557.1799926757812,555.52001953125,27289700
2024-07-10,561.3200073242188,557.0700073242188,561.6699829101562,556.77001953125,38701200
2024-07-11,556.47998046875,561.4400024414062,562.3300170898438,555.8300170898438,53054200
2024-07-12,559.989990234375,557.6300048828125,563.6699829101562,557.1500244140625,53084400
2024-07-15,561.530029296875,562.030029296875,564.8400268554688,559.6300048828125,40584300
2024-07-16,564.8599853515625,562.8699951171875,565.1599731445312,562.0999755859375,36475300
2024-07-17,556.9400024414062,558.7999877929688,560.510009765625,556.6099853515625,57119000
2024-07-18,552.6599731445312,558.510009765625,559.52001953125,550.4299926757812,56270400
2024-07-19,548.989990234375,552.4199829101562,554.0800170898438,547.9099731445312,65509100
2024-07-22,554.6500244140625,553.0,555.27001953125,551.02001953125,43346700
2024-07-23,553.780029296875,554.5399780273438,556.739990234375,553.280029296875,34439600
2024-07-24,541.22998046875,548.8599853515625,549.1699829101562,540.2899780273438,74515300
2024-07-25,538.4099731445312,541.3499755859375,547.4600219726562,537.4500122070312,61158300
2024-07-26,544.4400024414062,542.280029296875,547.1900024414062,541.489990234375,53763800
2024-07-29,544.760009765625,546.02001953125,547.0499877929688,542.719970703125,39515800
2024-07-30,542.0,546.260009765625,547.3400268554688,538.52001953125,46853600
2024-07-31,550.8099975585938,548.97998046875,553.5,547.5800170898438,65663400
2024-08-01,543.010009765625,552.5700073242188,554.8699951171875,539.4299926757812,76428700
2024-08-02,532.9000244140625,535.75,536.989990234375,528.5999755859375,82789100
2024-08-05,517.3800048828125,511.6400146484375,523.5800170898438,510.2699890136719,146267400
2024-08-06,522.1500244140625,519.219970703125,529.75,517.8699951171875,84826300
2024-08-07,518.6599731445312,528.469970703125,531.5900268554688,518.0499877929688,70698300
2024-08-08,530.6500244140625,523.9099731445312,531.2899780273438,521.8400268554688,63276600
2024-08-09,532.989990234375,529.8099975585938,534.510009765625,528.5599975585938,45619600
2024-08-12,533.27001953125,534.2100219726562,535.72998046875,530.9500122070312,42542100
2024-08-13,542.0399780273438,536.530029296875,542.280029296875,536.280029296875,52333100
2024-08-14,543.75,542.8499755859375,544.9600219726562,540.1199951171875,42446900
2024-08-15,553.0700073242188,549.5,553.3599853515625,548.8800048828125,60846800
2024-08-16,554.3099975585938,551.4199829101562,555.02001953125,551.260009765625,44430700
2024-08-19,559.6099853515625,554.72998046875,559.6099853515625,553.8599853515625,39121800
2024-08-20,558.7000122070312,559.1500244140625,560.8400268554688,557.3300170898438,33732300
2024-08-21,560.6199951171875,559.77001953125,562.1099853515625,554.72998046875,41514600
2024-08-22,556.219970703125,562.5599975585938,563.1799926757812,554.97998046875,56121500
2024-08-23,562.1300048828125,559.530029296875,563.0900268554688,557.2899780273438,50639400
2024-08-26,560.7899780273438,563.1799926757812,563.9099731445312,559.0499877929688,35788600
2024-08-27,561.5599975585938,559.489990234375,562.0599975585938,558.3200073242188,32693900
2024-08-28,558.2999877929688,561.2100219726562,561.6500244140625,555.0399780273438,41066000
2024-08-29,558.3499755859375,560.3099975585938,563.6799926757812,557.1799926757812,38715200
2024-08-30,563.6799926757812,560.77001953125,564.2000122070312,557.1400146484375,62700100
2024-09-03,552.0800170898438,560.469970703125,560.8099975585938,549.510009765625,60600100
2024-09-04,550.9500122070312,550.2000122070312,554.4299926757812,549.4600219726562,47224900
2024-09-05,549.6099853515625,550.8900146484375,553.7999877929688,547.0999755859375,44264300
2024-09-06,540.3599853515625,549.9400024414062,551.5999755859375,539.4400024414062,68493800
2024-09-09,546.4099731445312,544.6500244140625,547.7100219726562,542.6799926757812,40445800
2024-09-10,548.7899780273438,548.3599853515625,549.1500244140625,543.3800048828125,36394600
2024-09-11,554.4199829101562,548.7000122070312,555.3599853515625,539.9600219726562,75248600
2024-09-12,559.0900268554688,555.010009765625,559.4000244140625,552.739990234375,51819600
2024-09-13,562.010009765625,559.7100219726562,563.030029296875,559.4500122070312,39310500
2024-09-16,562.8400268554688,561.739990234375,563.1099853515625,559.9000244140625,36656100
2024-09-17,563.0700073242188,565.0999755859375,566.5800170898438,560.7899780273438,49321000
2024-09-18,561.4000244140625,563.739990234375,568.6900024414062,560.8300170898438,59044900
2024-09-19,570.97998046875,571.010009765625,572.8800048828125,568.0800170898438,75315500
2024-09-20,568.25,567.8400268554688,569.3099975585938,565.1699829101562,77503100
2024-09-23,569.6699829101562,569.3400268554688,570.3300170898438,568.0999755859375,44116900
2024-09-24,571.2999877929688,570.47998046875,571.3599853515625,567.5999755859375,46805700
2024-09-25,570.0399780273438,571.1400146484375,571.8900146484375,568.9099731445312,38428600
2024-09-26,572.2999877929688,574.3800048828125,574.7100219726562,569.9000244140625,48336000
2024-09-27,571.469970703125,573.3900146484375,574.219970703125,570.4199829101562,42100900
2024-09-30,573.760009765625,570.4199829101562,574.3800048828125,568.0800170898438,63557400
2024-10-01,568.6199951171875,573.4000244140625,574.0599975585938,566.0,72668800
2024-10-02,568.8599853515625,567.7100219726562,569.9000244140625,565.27001953125,38097800
2024-10-03,567.8200073242188,567.3599853515625,569.7999877929688,565.489990234375,40846500
2024-10-04,572.97998046875,572.3499755859375,573.3599853515625,568.0999755859375,42939100
2024-10-07,567.7999877929688,571.2999877929688,571.9600219726562,566.6300048828125,49964700
2024-10-08,573.1699829101562,570.4199829101562,573.780029296875,569.530029296875,37398700
2024-10-09,577.1400146484375,573.1599731445312,577.7100219726562,572.5499877929688,37912200
2024-10-10,576.1300048828125,575.77001953125,577.5800170898438,574.489990234375,44138100
2024-10-11,579.5800170898438,576.0499877929688,580.3300170898438,575.9099731445312,42268000
2024-10-14,584.3200073242188,581.219970703125,585.27001953125,580.72998046875,36217200
2024-10-15,579.780029296875,584.5900268554688,584.9000244140625,578.5399780273438,54203600
2024-10-16,582.2999877929688,579.780029296875,582.8300170898438,578.9600219726562,30725400
2024-10-17,582.3499755859375,585.9099731445312,586.1199951171875,582.1599731445312,34393700
2024-10-18,584.5900268554688,584.0700073242188,585.3900146484375,582.5800170898438,37416800
2024-10-21,583.6300048828125,583.8499755859375,584.8499755859375,580.5999755859375,36439000
2024-10-22,583.3200073242188,581.0499877929688,584.5,580.3800048828125,34183800
2024-10-23,577.989990234375,581.260009765625,581.7100219726562,574.4199829101562,49314600
2024-10-24,579.239990234375,579.97998046875,580.0599975585938,576.5700073242188,34979900
2024-10-25,579.0399780273438,581.510009765625,584.4600219726562,578.0800170898438,47268200
2024-10-28,580.8300170898438,582.5800170898438,582.7100219726562,580.52001953125,30174700
2024-10-29,581.77001953125,579.8499755859375,582.9099731445312,578.4299926757812,42899700
2024-10-30,580.010009765625,581.2899780273438,583.3200073242188,579.2899780273438,41435800
2024-10-31,568.6400146484375,575.5599975585938,575.6300048828125,568.4400024414062,60182500
2024-11-01,571.0399780273438,571.3200073242188,575.5499877929688,570.6199951171875,45667500
2024-11-04,569.8099975585938,571.1799926757812,572.5,567.8900146484375,38217000
2024-11-05,576.7000122070312,570.739990234375,576.739990234375,570.52001953125,39478300
2024-11-06,591.0399780273438,589.2000122070312,591.9299926757812,585.3900146484375,68182000
2024-11-07,595.6099853515625,593.0800170898438,596.6500244140625,593.0,47233200
2024-11-08,598.1900024414062,596.1699829101562,599.6400146484375,596.1699829101562,46444900
2024-11-11,598.760009765625,599.8099975585938,600.1699829101562,597.0,37586800
2024-11-12,596.9000244140625,598.6799926757812,599.2899780273438,594.3699951171875,43006100
2024-11-13,597.1900024414062,597.3699951171875,599.22998046875,594.9600219726562,47388600
2024-11-14,593.3499755859375,597.3200073242188,597.8099975585938,592.6500244140625,38904100
2024-11-15,585.75,589.719970703125,590.2000122070312,583.8599853515625,75988800
2024-11-18,588.1500244140625,586.219970703125,589.489990234375,585.3400268554688,37001700
2024-11-19,590.2999877929688,584.7100219726562,591.0399780273438,584.030029296875,49412000
2024-11-20,590.5,590.3800048828125,590.7899780273438,584.6300048828125,50032600
2024-11-21,593.6699829101562,593.4000244140625,595.1199951171875,587.4500122070312,46750300
2024-11-22,595.510009765625,593.6599731445312,596.1500244140625,593.1500244140625,38226400
2024-11-25,597.530029296875,599.52001953125,600.8599853515625,595.2000122070312,42441400
2024-11-26,600.6500244140625,598.7999877929688,601.3300170898438,598.0700073242188,45621300
2024-11-27,598.8300170898438,600.4600219726562,600.8499755859375,597.280029296875,34000200
2024-11-29,602.5499877929688,599.6599731445312,603.3499755859375,599.3800048828125,30177400
2024-12-02,603.6300048828125,602.969970703125,604.3200073242188,602.469970703125,31746000
2024-12-03,603.9099731445312,603.3900146484375,604.1599731445312,602.3400268554688,26906600
2024-12-04,607.6599731445312,605.6300048828125,607.9099731445312,604.9500122070312,42787600
2024-12-05,606.6599731445312,607.6599731445312,608.47998046875,606.2999877929688,28762200
2024-12-06,607.8099975585938,607.4400024414062,609.0700073242188,607.02001953125,31241500
2024-12-09,604.6799926757812,607.6900024414062,607.8599853515625,604.0800170898438,34742700
2024-12-10,602.7999877929688,605.3699951171875,605.7999877929688,602.1300048828125,37234500
2024-12-11,607.4600219726562,605.780029296875,608.4299926757812,605.5,28677700
2024-12-12,604.3300170898438,606.5800170898438,607.1599731445312,604.3300170898438,31543800
2024-12-13,604.2100219726562,606.4000244140625,607.1300048828125,602.8099975585938,35904700
2024-12-16,606.7899780273438,606.0,607.780029296875,605.2100219726562,43695200
2024-12-17,604.2899780273438,604.1900024414062,605.1699829101562,602.8900146484375,55773500
2024-12-18,586.280029296875,603.97998046875,606.4099731445312,585.8900146484375,108248700
2024-12-19,586.0999755859375,591.3599853515625,593.0,585.8499755859375,85919500
2024-12-20,591.1500244140625,581.77001953125,595.75,580.9099731445312,125716700
2024-12-23,594.6900024414062,590.8900146484375,595.2999877929688,587.6599731445312,57635800
2024-12-24,601.2999877929688,596.0599975585938,601.3400268554688,595.469970703125,33160100
2024-12-26,601.3400268554688,599.5,602.47998046875,598.0800170898438,41219100
2024-12-27,595.010009765625,597.5399780273438,597.780029296875,590.760009765625,64969300
2024-12-30,588.219970703125,587.8900146484375,591.739990234375,584.4099731445312,56578800
2024-12-31,586.0800170898438,589.9099731445312,590.6400146484375,584.4199829101562,57052700
2025-01-02,584.6400146484375,589.3900146484375,591.1300048828125,580.5,50204000
2025-01-03,591.9500122070312,587.530029296875,592.5999755859375,586.4299926757812,37888500
2025-01-06,595.3599853515625,596.27001953125,599.7000122070312,593.5999755859375,47679400
2025-01-07,588.6300048828125,597.4199829101562,597.75,586.780029296875,60393100
2025-01-08,589.489990234375,588.7000122070312,590.5800170898438,585.2000122070312,47304700
2025-01-10,580.489990234375,585.8800048828125,585.9500122070312,578.5499877929688,73105000
2025-01-13,581.3900146484375,575.77001953125,581.75,575.3499755859375,47910100
2025-01-14,582.1900024414062,584.3599853515625,585.0,578.3499755859375,48420600
2025-01-15,592.780029296875,590.3300170898438,593.9400024414062,589.2000122070312,56900200
2025-01-16,591.6400146484375,594.1699829101562,594.3499755859375,590.9299926757812,43319700
2025-01-17,597.5800170898438,596.9600219726562,599.3599853515625,595.6099853515625,58070600
2025-01-21,603.0499877929688,600.6699829101562,603.0599975585938,598.6699829101562,42532900
2025-01-22,606.4400024414062,605.9199829101562,607.8200073242188,605.3599853515625,48196000
2025-01-23,609.75,605.7999877929688,609.75,605.52001953125,41152100
2025-01-24,607.969970703125,609.8099975585938,610.780029296875,606.7999877929688,34604700
2025-01-27,599.3699951171875,594.8099975585938,599.6900024414062,594.6400146484375,70361100
2025-01-28,604.52001953125,600.6199951171875,605.3699951171875,597.25,44433300
2025-01-29,601.8099975585938,603.719970703125,604.1300048828125,599.219970703125,37177400
2025-01-30,605.0399780273438,603.9600219726562,606.5999755859375,600.719970703125,39281300
2025-01-31,601.8200073242188,607.5,609.9600219726562,601.0499877929688,66566900
2025-02-03,597.77001953125,592.6699829101562,600.2899780273438,590.489990234375,65857200
2025-02-04,601.780029296875,597.8300170898438,602.2999877929688,597.280029296875,33457800
2025-02-05,604.219970703125,600.6400146484375,604.3699951171875,598.5800170898438,30653100
2025-02-06,606.3200073242188,605.989990234375,606.4500122070312,602.6300048828125,35771500
2025-02-07,600.77001953125,606.8900146484375,608.1300048828125,600.0499877929688,50788500
2025-02-10,604.8499755859375,604.030029296875,605.5,602.739990234375,26048700
2025-02-11,605.3099975585938,602.5499877929688,605.8599853515625,602.4299926757812,30056700
2025-02-12,603.3599853515625,599.2000122070312,604.5499877929688,598.510009765625,45076100
2025-02-13,609.72998046875,604.47998046875,609.9400024414062,603.2000122070312,40921300
2025-02-14,609.7000122070312,609.9400024414062,610.989990234375,609.0700073242188,26910400
2025-02-18,611.489990234375,610.8800048828125,611.489990234375,608.3800048828125,26749000
2025-02-19,612.9299926757812,610.0800170898438,613.22998046875,609.5599975585938,31011100
2025-02-20,610.3800048828125,611.5399780273438,611.6799926757812,607.02001953125,36554000
2025-02-21,599.9400024414062,610.1599731445312,610.2999877929688,599.469970703125,76519800
2025-02-24,597.2100219726562,602.02001953125,603.030029296875,596.489990234375,50737200
2025-02-25,594.239990234375,597.1500244140625,597.8900146484375,589.5599975585938,58266500
2025-02-26,594.5399780273438,595.9299926757812,599.5800170898438,591.8599853515625,43321600
2025-02-27,585.0499877929688,596.8499755859375,598.02001953125,584.6500244140625,74196700
2025-02-28,594.1799926757812,585.5599975585938,594.719970703125,582.4400024414062,88744100
2025-03-03,583.77001953125,596.1799926757812,597.3400268554688,579.9000244140625,74249200
2025-03-04,576.8599853515625,579.7100219726562,585.3900146484375,572.25,109648200
2025-03-05,583.0599975585938,576.6900024414062,584.8800048828125,573.0800170898438,71230500
2025-03-06,572.7100219726562,575.47998046875,580.1699829101562,570.1199951171875,80094900
2025-03-07,575.9199829101562,570.9000244140625,577.3900146484375,565.6300048828125,81158800
2025-03-10,560.5800170898438,567.5900268554688,569.5399780273438,555.5900268554688,99326600
2025-03-11,555.9199829101562,559.4000244140625,564.02001953125,552.02001953125,88102100
2025-03-12,558.8699951171875,562.1699829101562,563.1099853515625,553.6900024414062,69588200
2025-03-13,551.4199829101562,558.489990234375,559.1099853515625,549.6799926757812,74079400
2025-03-14,562.8099975585938,556.1099853515625,563.8300170898438,551.489990234375,62660300
2025-03-17,567.1500244140625,562.7899780273438,569.7100219726562,562.3499755859375,49008700
2025-03-18,561.02001953125,564.7999877929688,565.02001953125,559.0599975585938,66041400
2025-03-19,567.1300048828125,562.8300170898438,570.9500122070312,561.6300048828125,66556000
2025-03-20,565.489990234375,563.3300170898438,570.5700073242188,562.5999755859375,62958200
2025-03-21,563.97998046875,559.280029296875,564.8900146484375,558.030029296875,83763000
2025-03-24,574.0800170898438,570.7999877929688,575.1500244140625,570.2000122070312,58766800
2025-03-25,575.4600219726562,575.2999877929688,576.4099731445312,573.6900024414062,38355700
2025-03-26,568.5900268554688,575.1900024414062,576.3300170898438,567.1900024414062,51848300
2025-03-27,567.0800170898438,567.1799926757812,570.9000244140625,564.9400024414062,42164200
2025-03-28,555.6599731445312,565.530029296875,566.27001953125,555.0700073242188,71662700
2025-03-31,559.3900146484375,549.8300170898438,560.7100219726562,546.8699951171875,95328200
2025-04-01,560.969970703125,557.4500122070312,562.9400024414062,553.6799926757812,54609600
2025-04-02,564.52001953125,555.0499877929688,567.4199829101562,554.8099975585938,76014500
2025-04-03,536.7000122070312,545.1099853515625,547.969970703125,536.7000122070312,125986000
2025-04-04,505.2799987792969,523.6699829101562,525.8699951171875,505.05999755859375,217965100
2025-04-07,504.3800048828125,489.19000244140625,523.1699829101562,481.79998779296875,256611400
2025-04-08,496.4800109863281,521.8599853515625,524.97998046875,489.1600036621094,165816600
2025-04-09,548.6199951171875,493.44000244140625,548.6199951171875,493.04998779296875,241867300
2025-04-10,524.5800170898438,532.1699829101562,533.5,509.32000732421875,162331200
2025-04-11,533.9400024414062,523.010009765625,536.4299926757812,520.0700073242188,97866300
2025-04-14,539.1199951171875,544.0499877929688,544.280029296875,533.8599853515625,68034000
2025-04-15,537.6099853515625,539.6699829101562,543.22998046875,536.8099975585938,56892900
2025-04-16,525.6599731445312,531.6799926757812,537.8900146484375,520.2899780273438,83484800
2025-04-17,526.4099731445312,527.6400146484375,531.1699829101562,523.9099731445312,79868100
2025-04-21,513.8800048828125,521.1599731445312,521.7000122070312,508.4599914550781,69368100
2025-04-22,527.25,520.1400146484375,529.2999877929688,519.1900024414062,75948100
2025-04-23,535.4199829101562,540.4299926757812,545.4299926757812,533.8800048828125,90590700
2025-04-24,546.6900024414062,536.719970703125,547.4299926757812,535.4500122070312,64150400
2025-04-25,550.6400146484375,546.6500244140625,551.0499877929688,543.6900024414062,61119600
2025-04-28,550.8499755859375,551.3900146484375,553.5499877929688,545.02001953125,47613800
2025-04-29,554.3200073242188,548.9099731445312,555.4500122070312,548.5499877929688,47775100
2025-04-30,554.5399780273438,547.5700073242188,556.52001953125,541.52001953125,93101500
2025-05-01,558.469970703125,560.3699951171875,564.0700073242188,557.8599853515625,63186100
2025-05-02,566.760009765625,564.72998046875,568.3800048828125,562.3800048828125,60717300
2025-05-05,563.510009765625,562.5700073242188,566.6500244140625,561.7000122070312,38659200
2025-05-06,558.7999877929688,557.9299926757812,563.3499755859375,556.9600219726562,48264700
2025-05-07,561.1500244140625,560.1500244140625,563.8200073242188,556.0399780273438,55588000
2025-05-08,565.0599975585938,565.239990234375,570.3099975585938,561.7000122070312,65130800
2025-05-09,564.3400268554688,566.47998046875,567.5,562.760009765625,37603400
2025-05-12,582.989990234375,581.469970703125,583.0,577.0399780273438,78993600
2025-05-13,586.8400268554688,583.4099731445312,589.0800170898438,582.8400268554688,67947200
2025-05-14,587.5900268554688,587.8099975585938,588.97998046875,585.5399780273438,66283500
2025-05-15,590.4600219726562,585.5599975585938,590.969970703125,585.0999755859375,71268100
2025-05-16,594.2000122070312,591.25,594.5,589.280029296875,76052100
2025-05-19,594.8499755859375,588.0999755859375,595.5399780273438,588.0999755859375,68168500
2025-05-20,592.8499755859375,593.0900268554688,594.0499877929688,589.5999755859375,60614500
2025-05-21,582.8599853515625,588.4400024414062,592.5800170898438,581.8200073242188,95197700
2025-05-22,583.0900268554688,582.6599731445312,586.6199951171875,581.4099731445312,70860400
2025-05-23,579.1099853515625,575.97998046875,581.8099975585938,575.5999755859375,76029000
2025-05-27,591.1500244140625,586.0700073242188,591.3099975585938,578.4299926757812,72588500
2025-05-28,587.72998046875,591.5599975585938,592.77001953125,586.989990234375,68445500
2025-05-29,590.0499877929688,593.0599975585938,593.2000122070312,586.0700073242188,69973300
2025-05-30,589.3900146484375,588.9299926757812,591.1300048828125,583.239990234375,90601200
2025-06-02,592.7100219726562,587.760009765625,592.7899780273438,585.0599975585938,61630500
2025-06-03,596.0900268554688,592.3400268554688,597.0800170898438,591.8499755859375,63606200
2025-06-04,595.9299926757812,596.9600219726562,597.9500122070312,595.489990234375,57314200
2025-06-05,593.0499877929688,597.6300048828125,599.0,591.0499877929688,92278700
2025-06-06,599.1400146484375,598.6599731445312,600.8300170898438,596.8599853515625,66588700
2025-06-09,599.6799926757812,599.719970703125,601.25,598.489990234375,53016400
2025-06-10,603.0800170898438,600.219970703125,603.469970703125,599.0900268554688,66247000
2025-06-11,601.3599853515625,604.1900024414062,605.0599975585938,599.27001953125,73658200
2025-06-12,603.75,600.010009765625,603.75,599.52001953125,64129000
2025-06-13,597.0,598.5,601.8499755859375,595.47998046875,89506000
2025-06-16,602.6799926757812,600.4000244140625,604.4500122070312,600.219970703125,79984100
2025-06-17,597.530029296875,600.2100219726562,601.75,596.760009765625,82209400
2025-06-18,597.4400024414062,598.4400024414062,601.219970703125,596.469970703125,76605000
2025-06-20,594.280029296875,598.3800048828125,599.4600219726562,592.8599853515625,94051400
2025-06-23,600.1500244140625,595.0399780273438,600.5399780273438,591.8900146484375,87426000
2025-06-24,606.780029296875,604.3300170898438,607.8499755859375,603.4099731445312,67735300
2025-06-25,607.1199951171875,607.9099731445312,608.6099853515625,605.5399780273438,62114800
2025-06-26,611.8699951171875,608.989990234375,612.3099975585938,608.3699951171875,78548400
2025-06-27,614.9099731445312,612.8800048828125,616.3900146484375,610.8300170898438,86258400
2025-06-30,617.8499755859375,617.3800048828125,619.219970703125,615.0399780273438,92502500
2025-07-01,617.6500244140625,616.3599853515625,618.8300170898438,615.52001953125,70030100
2025-07-02,620.4500122070312,617.239990234375,620.489990234375,616.6099853515625,66510400
2025-07-03,625.3400268554688,622.4500122070312,626.280029296875,622.4299926757812,51065800
2025-07-07,620.6799926757812,623.3599853515625,624.030029296875,617.8699951171875,74814500
2025-07-08,620.3400268554688,621.3499755859375,622.1099853515625,619.52001953125,59024600
2025-07-09,624.0599975585938,622.77001953125,624.719970703125,620.9099731445312,66113300
2025-07-10,625.8200073242188,624.2000122070312,626.8699951171875,623.010009765625,57529000
2025-07-11,623.6199951171875,622.739990234375,624.8599853515625,621.530029296875,63670200
2025-07-14,624.8099975585938,623.1599731445312,625.1599731445312,621.7999877929688,51898500
2025-07-15,622.1400146484375,627.52001953125,627.8599853515625,622.0599975585938,74317300
2025-07-16,624.219970703125,623.739990234375,624.72998046875,618.0499877929688,88987500
2025-07-17,628.0399780273438,624.4000244140625,628.4000244140625,624.1799926757812,68885700
2025-07-18,627.5800170898438,629.2999877929688,629.469970703125,626.4600219726562,65621600
2025-07-21,628.77001953125,628.77001953125,631.5399780273438,628.3400268554688,63375000
2025-07-22,628.8599853515625,629.0999755859375,629.72998046875,626.1900024414062,60046300
2025-07-23,634.2100219726562,631.5499877929688,634.2100219726562,629.72998046875,70511000
2025-07-24,634.4199829101562,634.5999755859375,636.1500244140625,633.989990234375,71307100
2025-07-25,637.0999755859375,635.0900268554688,637.5800170898438,634.8400268554688,56865400
2025-07-28,636.9400024414062,637.47998046875,638.0399780273438,635.5399780273438,54917100
2025-07-29,635.260009765625,638.3499755859375,638.6699829101562,634.3400268554688,60556300
2025-07-30,634.4600219726562,635.9199829101562,637.6799926757812,631.5399780273438,80418900
2025-07-31,632.0800170898438,639.4600219726562,639.8499755859375,630.77001953125,103385200
2025-08-01,621.719970703125,626.2999877929688,626.3400268554688,619.2899780273438,140103600
2025-08-04,631.1699829101562,625.6699829101562,631.219970703125,625.5800170898438,73218000
2025-08-05,627.969970703125,631.7899780273438,632.6099853515625,627.0399780273438,68051400
2025-08-06,632.780029296875,629.0499877929688,633.4400024414062,628.1300048828125,64357500
2025-08-07,632.25,636.239990234375,636.97998046875,629.1099853515625,74205800
2025-08-08,637.1799926757812,634.0599975585938,637.6500244140625,633.739990234375,64051600
2025-08-11,635.9199829101562,637.4600219726562,638.9500122070312,634.6599731445312,58742300
2025-08-12,642.6900024414062,638.2899780273438,642.8499755859375,636.7899780273438,64730800
2025-08-13,644.8900146484375,644.9099731445312,646.1900024414062,642.6799926757812,60092800
2025-08-14,644.9500122070312,642.7899780273438,645.6199951171875,642.3400268554688,59327500
2025-08-15,643.4400024414062,645.989990234375,646.0900268554688,642.52001953125,68592500
2025-08-18,643.2999877929688,642.8599853515625,644.0,642.1799926757812,43804900
2025-08-19,639.8099975585938,643.1199951171875,644.1099853515625,638.47998046875,69750700
2025-08-20,638.1099853515625,639.4000244140625,639.6599731445312,632.9500122070312,88890300
2025-08-21,635.5499877929688,636.280029296875,637.969970703125,633.8099975585938,54805800
2025-08-22,645.3099975585938,637.760009765625,646.5,637.25,84083200
2025-08-25,642.469970703125,644.0399780273438,645.2899780273438,642.3499755859375,51274300
2025-08-26,645.1599731445312,642.2000122070312,645.510009765625,641.5700073242188,51581600
2025-08-27,646.6300048828125,644.5700073242188,647.3699951171875,644.4199829101562,48341100
2025-08-28,648.9199829101562,647.239990234375,649.47998046875,645.3400268554688,61519500
2025-08-29,645.0499877929688,647.469970703125,647.8400268554688,643.1400146484375,74522200
2025-09-02,640.27001953125,637.5,640.489990234375,634.9199829101562,81983500
2025-09-03,643.739990234375,642.6699829101562,644.2100219726562,640.4600219726562,70820900
2025-09-04,649.1199951171875,644.4199829101562,649.1500244140625,643.510009765625,65219200
2025-09-05,647.239990234375,651.47998046875,652.2100219726562,643.3300170898438,85178900
2025-09-08,648.8300170898438,648.6199951171875,649.8400268554688,647.22998046875,63133100
2025-09-09,650.3300170898438,648.969970703125,650.8599853515625,647.219970703125,66133900
2025-09-10,652.2100219726562,653.6199951171875,654.5499877929688,650.6300048828125,78034500
2025-09-11,657.6300048828125,654.1799926757812,658.3300170898438,653.5900268554688,69934400
2025-09-12,657.4099731445312,657.5999755859375,659.1099853515625,656.9000244140625,72780100
2025-09-15,660.9099731445312,659.6400146484375,661.0399780273438,659.3400268554688,63772400
2025-09-16,660.0,661.469970703125,661.780029296875,659.2100219726562,61169000
2025-09-17,659.1799926757812,660.010009765625,661.719970703125,654.2999877929688,101952200
2025-09-18,662.260009765625,661.8900146484375,664.8900146484375,660.27001953125,90459200
2025-09-19,663.7000122070312,662.3300170898438,664.5499877929688,660.3699951171875,97945600
2025-09-22,666.8400268554688,662.2000122070312,667.2899780273438,662.1699829101562,69452200
2025-09-23,663.2100219726562,666.719970703125,667.3400268554688,661.97998046875,81708900
2025-09-24,661.0999755859375,664.510009765625,664.6099853515625,659.6699829101562,68082200
2025-09-25,658.0499877929688,657.9400024414062,659.4099731445312,654.4099731445312,89622100
2025-09-26,661.8200073242188,659.510009765625,662.3699951171875,657.8800048828125,69179200
2025-09-29,663.6799926757812,664.3599853515625,665.280029296875,661.8599853515625,73499000
2025-09-30,666.1799926757812,662.9299926757812,666.6500244140625,661.6099853515625,86288000
2025-10-01,668.4500122070312,663.1699829101562,669.3699951171875,663.0599975585938,72545400
2025-10-02,669.219970703125,670.4500122070312,670.5700073242188,666.780029296875,56896000
2025-10-03,669.2100219726562,669.989990234375,672.6799926757812,668.1599731445312,70494400
2025-10-06,671.6099853515625,671.6199951171875,672.510009765625,669.4600219726562,54623300
2025-10-07,669.1199951171875,672.5399780273438,672.989990234375,667.6699829101562,72020100
2025-10-08,673.1099853515625,670.25,673.2100219726562,669.4199829101562,60702200
2025-10-09,671.1599731445312,673.530029296875,673.9400024414062,669.2100219726562,66501900
2025-10-10,653.02001953125,672.1300048828125,673.9500122070312,652.8400268554688,159422600
2025-10-13,663.0399780273438,660.6500244140625,665.1300048828125,659.77001953125,79560500
2025-10-14,662.22998046875,657.1699829101562,665.8300170898438,653.1699829101562,88779600
2025-10-15,665.1699829101562,666.8200073242188,670.22998046875,658.9299926757812,81702600
2025-10-16,660.6400146484375,666.8200073242188,668.7100219726562,657.1099853515625,110563300
2025-10-17,664.3900146484375,659.5,665.760009765625,658.1400146484375,96500900
2025-10-20,671.2999877929688,667.3200073242188,672.2100219726562,667.27001953125,60493400
2025-10-21,671.2899780273438,671.4400024414062,672.989990234375,669.97998046875,56249000
2025-10-22,667.7999877929688,672.0,672.0,663.2999877929688,80564000
2025-10-23,671.760009765625,668.1199951171875,672.7100219726562,667.7999877929688,65604500
2025-10-24,677.25,676.4600219726562,678.469970703125,675.6500244140625,74356500
2025-10-27,685.239990234375,682.72998046875,685.5399780273438,682.1199951171875,63339800
2025-10-28,687.0599975585938,687.0499877929688,688.9099731445312,684.8300170898438,61738100
2025-10-29,687.3900146484375,688.719970703125,689.7000122070312,682.8699951171875,85657100
2025-10-30,679.8300170898438,683.9000244140625,685.9400024414062,679.8300170898438,76335800
2025-10-31,682.0599975585938,685.0399780273438,685.0800170898438,679.239990234375,87164100
2025-11-03,683.3400268554688,685.6699829101562,685.7999877929688,679.9400024414062,57315000
2025-11-04,675.239990234375,676.1099853515625,679.9600219726562,674.5800170898438,78427000
2025-11-05,677.5800170898438,674.97998046875,680.8599853515625,674.1699829101562,74402400
2025-11-06,670.3099975585938,676.469970703125,677.3800048828125,668.719970703125,85035300
2025-11-07,670.969970703125,667.9099731445312,671.0800170898438,661.2100219726562,100592400
2025-11-10,681.4400024414062,677.239990234375,682.1799926757812,675.030029296875,75842900
2025-11-11,683.0,679.9500122070312,683.5700073242188,678.72998046875,58953400
2025-11-12,683.3800048828125,684.7899780273438,684.9600219726562,680.9500122070312,62312500
2025-11-13,672.0399780273438,680.5,680.8599853515625,670.52001953125,103457800
2025-11-14,671.9299926757812,665.3800048828125,675.6599731445312,663.27001953125,96846700
2025-11-17,665.6699829101562,669.7000122070312,673.7100219726562,662.1699829101562,90456100
2025-11-18,660.0800170898438,662.0999755859375,665.1199951171875,655.8599853515625,114467500
2025-11-19,662.6300048828125,660.780029296875,667.3400268554688,658.75,94703000
2025-11-20,652.530029296875,672.9099731445312,675.5599975585938,651.8900146484375,165293500
2025-11-21,659.030029296875,655.0499877929688,664.5499877929688,650.8499755859375,123956200
2025-11-24,668.72998046875,662.6900024414062,670.0599975585938,661.5900268554688,80437900
2025-11-25,675.02001953125,668.6300048828125,676.2100219726562,664.47998046875,81077100
2025-11-26,679.6799926757812,677.6300048828125,681.7000122070312,676.719970703125,71879600
2025-11-28,683.3900146484375,680.8599853515625,683.6699829101562,680.5,49212000
2025-12-01,680.27001953125,678.8099975585938,682.989990234375,678.739990234375,61201200
2025-12-02,681.530029296875,681.9199829101562,683.8200073242188,679.3300170898438,62892400
